This is XeTeX, Version 3.141592653-2.6-0.999998 (TeX Live 2026) (preloaded format=xelatex 2026.3.22)  1 AUG 2026 14:59
entering extended mode
 %&-line parsing enabled.
**_combined_manuscript.tex
(./_combined_manuscript.tex
LaTeX2e <2025-11-01>
L3 programming layer <2026-01-19>
(/usr/local/texlive/2026/texmf-dist/tex/latex/base/article.cls
Document Class: article 2025/01/22 v1.4n Standard LaTeX document class
(/usr/local/texlive/2026/texmf-dist/tex/latex/base/size10.clo
File: size10.clo 2025/01/22 v1.4n Standard LaTeX file (size option)
)
\c@part=\count271
\c@section=\count272
\c@subsection=\count273
\c@subsubsection=\count274
\c@paragraph=\count275
\c@subparagraph=\count276
\c@figure=\count277
\c@table=\count278
\abovecaptionskip=\skip49
\belowcaptionskip=\skip50
\bibindent=\dimen148
)
(/usr/local/texlive/2026/texmf-dist/tex/latex/xcolor/xcolor.sty
Package: xcolor 2024/09/29 v3.02 LaTeX color extensions (UK)

(/usr/local/texlive/2026/texmf-dist/tex/latex/graphics-cfg/color.cfg
File: color.cfg 2016/01/02 v1.6 sample color configuration
)
Package xcolor Info: Driver file: xetex.def on input line 274.

(/usr/local/texlive/2026/texmf-dist/tex/latex/graphics-def/xetex.def
File: xetex.def 2025/11/01 v5.0p Graphics/color driver for xetex
)
(/usr/local/texlive/2026/texmf-dist/tex/latex/graphics/mathcolor.ltx)
Package xcolor Info: Model `cmy' substituted by `cmy0' on input line 1349.
Package xcolor Info: Model `RGB' extended on input line 1365.
Package xcolor Info: Model `HTML' substituted by `rgb' on input line 1367.
Package xcolor Info: Model `Hsb' substituted by `hsb' on input line 1368.
Package xcolor Info: Model `tHsb' substituted by `hsb' on input line 1369.
Package xcolor Info: Model `HSB' substituted by `hsb' on input line 1370.
Package xcolor Info: Model `Gray' substituted by `gray' on input line 1371.
Package xcolor Info: Model `wave' substituted by `hsb' on input line 1372.
)
(/usr/local/texlive/2026/texmf-dist/tex/latex/amsmath/amsmath.sty
Package: amsmath 2025/07/09 v2.17z AMS math features
\@mathmargin=\skip51

For additional information on amsmath, use the `?' option.
(/usr/local/texlive/2026/texmf-dist/tex/latex/amsmath/amstext.sty
Package: amstext 2024/11/17 v2.01 AMS text

(/usr/local/texlive/2026/texmf-dist/tex/latex/amsmath/amsgen.sty
File: amsgen.sty 1999/11/30 v2.0 generic functions
\@emptytoks=\toks17
\ex@=\dimen149
))
(/usr/local/texlive/2026/texmf-dist/tex/latex/amsmath/amsbsy.sty
Package: amsbsy 1999/11/29 v1.2d Bold Symbols
\pmbraise@=\dimen150
)
(/usr/local/texlive/2026/texmf-dist/tex/latex/amsmath/amsopn.sty
Package: amsopn 2022/04/08 v2.04 operator names
)
\inf@bad=\count279
LaTeX Info: Redefining \frac on input line 233.
\uproot@=\count280
\leftroot@=\count281
LaTeX Info: Redefining \overline on input line 398.
LaTeX Info: Redefining \colon on input line 409.
\classnum@=\count282
\DOTSCASE@=\count283
LaTeX Info: Redefining \ldots on input line 495.
LaTeX Info: Redefining \dots on input line 498.
LaTeX Info: Redefining \cdots on input line 619.
\Mathstrutbox@=\box53
\strutbox@=\box54
LaTeX Info: Redefining \big on input line 721.
LaTeX Info: Redefining \Big on input line 722.
LaTeX Info: Redefining \bigg on input line 723.
LaTeX Info: Redefining \Bigg on input line 724.
\big@size=\dimen151
LaTeX Font Info:    Redeclaring font encoding OML on input line 742.
LaTeX Font Info:    Redeclaring font encoding OMS on input line 743.
\macc@depth=\count284
LaTeX Info: Redefining \bmod on input line 904.
LaTeX Info: Redefining \pmod on input line 909.
LaTeX Info: Redefining \smash on input line 939.
LaTeX Info: Redefining \relbar on input line 969.
LaTeX Info: Redefining \Relbar on input line 970.
\c@MaxMatrixCols=\count285
\dotsspace@=\muskip17
\c@parentequation=\count286
\dspbrk@lvl=\count287
\tag@help=\toks18
\row@=\count288
\column@=\count289
\maxfields@=\count290
\andhelp@=\toks19
\eqnshift@=\dimen152
\alignsep@=\dimen153
\tagshift@=\dimen154
\tagwidth@=\dimen155
\totwidth@=\dimen156
\lineht@=\dimen157
\@envbody=\toks20
\multlinegap=\skip52
\multlinetaggap=\skip53
\mathdisplay@stack=\toks21
LaTeX Info: Redefining \[ on input line 2950.
LaTeX Info: Redefining \] on input line 2951.
)
(/usr/local/texlive/2026/texmf-dist/tex/latex/amsfonts/amssymb.sty
Package: amssymb 2013/01/14 v3.01 AMS font symbols

(/usr/local/texlive/2026/texmf-dist/tex/latex/amsfonts/amsfonts.sty
Package: amsfonts 2013/01/14 v3.01 Basic AMSFonts support
\symAMSa=\mathgroup4
\symAMSb=\mathgroup5
LaTeX Font Info:    Redeclaring math symbol \hbar on input line 98.
LaTeX Font Info:    Overwriting math alphabet `\mathfrak' in version `bold'
(Font)                  U/euf/m/n --> U/euf/b/n on input line 106.
))
(/usr/local/texlive/2026/texmf-dist/tex/generic/iftex/iftex.sty
Package: iftex 2024/12/12 v1.0g TeX engine tests
)
(/usr/local/texlive/2026/texmf-dist/tex/latex/unicode-math/unicode-math.sty
(/usr/local/texlive/2026/texmf-dist/tex/latex/l3kernel/expl3.sty
Package: expl3 2026-01-19 L3 programming layer (loader)

(/usr/local/texlive/2026/texmf-dist/tex/latex/l3backend/l3backend-xetex.def
File: l3backend-xetex.def 2025-10-09 L3 backend support: XeTeX
\g__graphics_track_int=\count291
\g__pdfannot_backend_int=\count292
\g__pdfannot_backend_link_int=\count293
))
Package: unicode-math 2023/08/13 v0.8r Unicode maths in XeLaTeX and LuaLaTeX

(/usr/local/texlive/2026/texmf-dist/tex/latex/unicode-math/unicode-math-xetex.s
ty
Package: unicode-math-xetex 2023/08/13 v0.8r Unicode maths in XeLaTeX and LuaLa
TeX
 (/usr/local/texlive/2026/texmf-dist/tex/latex/l3packages/xparse/xparse.sty
Package: xparse 2025-10-09 L3 Experimental document command parser
)
(/usr/local/texlive/2026/texmf-dist/tex/latex/l3packages/l3keys2e/l3keys2e.sty
Package: l3keys2e 2025-10-09 LaTeX2e option processing using LaTeX3 keys
) (/usr/local/texlive/2026/texmf-dist/tex/latex/fontspec/fontspec.sty
Package: fontspec 2025/09/29 v2.9g Font selection for XeLaTeX and LuaLaTeX

(/usr/local/texlive/2026/texmf-dist/tex/latex/fontspec/fontspec-xetex.sty
Package: fontspec-xetex 2025/09/29 v2.9g Font selection for XeLaTeX and LuaLaTe
X
\l__fontspec_script_int=\count294
\l__fontspec_language_int=\count295
\l__fontspec_strnum_int=\count296
\l__fontspec_tmp_int=\count297
\l__fontspec_tmpa_int=\count298
\l__fontspec_tmpb_int=\count299
\l__fontspec_tmpc_int=\count300
\l__fontspec_em_int=\count301
\l__fontspec_emdef_int=\count302
\l__fontspec_strong_int=\count303
\l__fontspec_strongdef_int=\count304
\l__fontspec_tmpa_dim=\dimen158
\l__fontspec_tmpb_dim=\dimen159
\l__fontspec_tmpc_dim=\dimen160

(/usr/local/texlive/2026/texmf-dist/tex/latex/base/fontenc.sty
Package: fontenc 2025/07/18 v2.1d Standard LaTeX package
)
(/usr/local/texlive/2026/texmf-dist/tex/latex/fontspec/fontspec.cfg)))
(/usr/local/texlive/2026/texmf-dist/tex/latex/base/fix-cm.sty
Package: fix-cm 2020/11/24 v1.1t fixes to LaTeX

(/usr/local/texlive/2026/texmf-dist/tex/latex/base/ts1enc.def
File: ts1enc.def 2001/06/05 v3.0e (jk/car/fm) Standard LaTeX file
LaTeX Font Info:    Redeclaring font encoding TS1 on input line 47.
LaTeX Encoding Info:    Redeclaring text command \capitalcedilla (encoding TS1)
 on input line 49.
LaTeX Encoding Info:    Redeclaring text command \capitalogonek (encoding TS1)
on input line 52.
LaTeX Encoding Info:    Redeclaring text command \capitalgrave (encoding TS1) o
n input line 55.
LaTeX Encoding Info:    Redeclaring text command \capitalacute (encoding TS1) o
n input line 56.
LaTeX Encoding Info:    Redeclaring text command \capitalcircumflex (encoding T
S1) on input line 57.
LaTeX Encoding Info:    Redeclaring text command \capitaltilde (encoding TS1) o
n input line 58.
LaTeX Encoding Info:    Redeclaring text command \capitaldieresis (encoding TS1
) on input line 59.
LaTeX Encoding Info:    Redeclaring text command \capitalhungarumlaut (encoding
 TS1) on input line 60.
LaTeX Encoding Info:    Redeclaring text command \capitalring (encoding TS1) on
 input line 61.
LaTeX Encoding Info:    Redeclaring text command \capitalcaron (encoding TS1) o
n input line 62.
LaTeX Encoding Info:    Redeclaring text command \capitalbreve (encoding TS1) o
n input line 63.
LaTeX Encoding Info:    Redeclaring text command \capitalmacron (encoding TS1)
on input line 64.
LaTeX Encoding Info:    Redeclaring text command \capitaldotaccent (encoding TS
1) on input line 65.
LaTeX Encoding Info:    Redeclaring text command \t (encoding TS1) on input lin
e 66.
LaTeX Encoding Info:    Redeclaring text command \capitaltie (encoding TS1) on
input line 67.
LaTeX Encoding Info:    Redeclaring text command \newtie (encoding TS1) on inpu
t line 68.
LaTeX Encoding Info:    Redeclaring text command \capitalnewtie (encoding TS1)
on input line 69.
LaTeX Encoding Info:    Redeclaring text symbol \textcapitalcompwordmark (encod
ing TS1) on input line 70.
LaTeX Encoding Info:    Redeclaring text symbol \textascendercompwordmark (enco
ding TS1) on input line 71.
LaTeX Encoding Info:    Redeclaring text symbol \textquotestraightbase (encodin
g TS1) on input line 72.
LaTeX Encoding Info:    Redeclaring text symbol \textquotestraightdblbase (enco
ding TS1) on input line 73.
LaTeX Encoding Info:    Redeclaring text symbol \texttwelveudash (encoding TS1)
 on input line 74.
LaTeX Encoding Info:    Redeclaring text symbol \textthreequartersemdash (encod
ing TS1) on input line 75.
LaTeX Encoding Info:    Redeclaring text symbol \textleftarrow (encoding TS1) o
n input line 76.
LaTeX Encoding Info:    Redeclaring text symbol \textrightarrow (encoding TS1)
on input line 77.
LaTeX Encoding Info:    Redeclaring text symbol \textblank (encoding TS1) on in
put line 78.
LaTeX Encoding Info:    Redeclaring text symbol \textdollar (encoding TS1) on i
nput line 79.
LaTeX Encoding Info:    Redeclaring text symbol \textquotesingle (encoding TS1)
 on input line 80.
LaTeX Encoding Info:    Redeclaring text command \textasteriskcentered (encodin
g TS1) on input line 81.
LaTeX Encoding Info:    Redeclaring text symbol \textdblhyphen (encoding TS1) o
n input line 92.
LaTeX Encoding Info:    Redeclaring text symbol \textfractionsolidus (encoding
TS1) on input line 93.
LaTeX Encoding Info:    Redeclaring text symbol \textzerooldstyle (encoding TS1
) on input line 94.
LaTeX Encoding Info:    Redeclaring text symbol \textoneoldstyle (encoding TS1)
 on input line 95.
LaTeX Encoding Info:    Redeclaring text symbol \texttwooldstyle (encoding TS1)
 on input line 96.
LaTeX Encoding Info:    Redeclaring text symbol \textthreeoldstyle (encoding TS
1) on input line 97.
LaTeX Encoding Info:    Redeclaring text symbol \textfouroldstyle (encoding TS1
) on input line 98.
LaTeX Encoding Info:    Redeclaring text symbol \textfiveoldstyle (encoding TS1
) on input line 99.
LaTeX Encoding Info:    Redeclaring text symbol \textsixoldstyle (encoding TS1)
 on input line 100.
LaTeX Encoding Info:    Redeclaring text symbol \textsevenoldstyle (encoding TS
1) on input line 101.
LaTeX Encoding Info:    Redeclaring text symbol \texteightoldstyle (encoding TS
1) on input line 102.
LaTeX Encoding Info:    Redeclaring text symbol \textnineoldstyle (encoding TS1
) on input line 103.
LaTeX Encoding Info:    Redeclaring text symbol \textlangle (encoding TS1) on i
nput line 104.
LaTeX Encoding Info:    Redeclaring text symbol \textminus (encoding TS1) on in
put line 105.
LaTeX Encoding Info:    Redeclaring text symbol \textrangle (encoding TS1) on i
nput line 106.
LaTeX Encoding Info:    Redeclaring text symbol \textmho (encoding TS1) on inpu
t line 107.
LaTeX Encoding Info:    Redeclaring text symbol \textbigcircle (encoding TS1) o
n input line 108.
LaTeX Encoding Info:    Redeclaring text command \textcircled (encoding TS1) on
 input line 109.
LaTeX Encoding Info:    Redeclaring text symbol \textohm (encoding TS1) on inpu
t line 115.
LaTeX Encoding Info:    Redeclaring text symbol \textlbrackdbl (encoding TS1) o
n input line 116.
LaTeX Encoding Info:    Redeclaring text symbol \textrbrackdbl (encoding TS1) o
n input line 117.
LaTeX Encoding Info:    Redeclaring text symbol \textuparrow (encoding TS1) on
input line 118.
LaTeX Encoding Info:    Redeclaring text symbol \textdownarrow (encoding TS1) o
n input line 119.
LaTeX Encoding Info:    Redeclaring text symbol \textasciigrave (encoding TS1)
on input line 120.
LaTeX Encoding Info:    Redeclaring text symbol \textborn (encoding TS1) on inp
ut line 121.
LaTeX Encoding Info:    Redeclaring text symbol \textdivorced (encoding TS1) on
 input line 122.
LaTeX Encoding Info:    Redeclaring text symbol \textdied (encoding TS1) on inp
ut line 123.
LaTeX Encoding Info:    Redeclaring text symbol \textleaf (encoding TS1) on inp
ut line 124.
LaTeX Encoding Info:    Redeclaring text symbol \textmarried (encoding TS1) on
input line 125.
LaTeX Encoding Info:    Redeclaring text symbol \textmusicalnote (encoding TS1)
 on input line 126.
LaTeX Encoding Info:    Redeclaring text symbol \texttildelow (encoding TS1) on
 input line 127.
LaTeX Encoding Info:    Redeclaring text symbol \textdblhyphenchar (encoding TS
1) on input line 128.
LaTeX Encoding Info:    Redeclaring text symbol \textasciibreve (encoding TS1)
on input line 129.
LaTeX Encoding Info:    Redeclaring text symbol \textasciicaron (encoding TS1)
on input line 130.
LaTeX Encoding Info:    Redeclaring text symbol \textacutedbl (encoding TS1) on
 input line 131.
LaTeX Encoding Info:    Redeclaring text symbol \textgravedbl (encoding TS1) on
 input line 132.
LaTeX Encoding Info:    Redeclaring text symbol \textdagger (encoding TS1) on i
nput line 133.
LaTeX Encoding Info:    Redeclaring text symbol \textdaggerdbl (encoding TS1) o
n input line 134.
LaTeX Encoding Info:    Redeclaring text symbol \textbardbl (encoding TS1) on i
nput line 135.
LaTeX Encoding Info:    Redeclaring text symbol \textperthousand (encoding TS1)
 on input line 136.
LaTeX Encoding Info:    Redeclaring text symbol \textbullet (encoding TS1) on i
nput line 137.
LaTeX Encoding Info:    Redeclaring text symbol \textcelsius (encoding TS1) on
input line 138.
LaTeX Encoding Info:    Redeclaring text symbol \textdollaroldstyle (encoding T
S1) on input line 139.
LaTeX Encoding Info:    Redeclaring text symbol \textcentoldstyle (encoding TS1
) on input line 140.
LaTeX Encoding Info:    Redeclaring text symbol \textflorin (encoding TS1) on i
nput line 141.
LaTeX Encoding Info:    Redeclaring text symbol \textcolonmonetary (encoding TS
1) on input line 142.
LaTeX Encoding Info:    Redeclaring text symbol \textwon (encoding TS1) on inpu
t line 143.
LaTeX Encoding Info:    Redeclaring text symbol \textnaira (encoding TS1) on in
put line 144.
LaTeX Encoding Info:    Redeclaring text symbol \textguarani (encoding TS1) on
input line 145.
LaTeX Encoding Info:    Redeclaring text symbol \textpeso (encoding TS1) on inp
ut line 146.
LaTeX Encoding Info:    Redeclaring text symbol \textlira (encoding TS1) on inp
ut line 147.
LaTeX Encoding Info:    Redeclaring text symbol \textrecipe (encoding TS1) on i
nput line 148.
LaTeX Encoding Info:    Redeclaring text symbol \textinterrobang (encoding TS1)
 on input line 149.
LaTeX Encoding Info:    Redeclaring text symbol \textinterrobangdown (encoding
TS1) on input line 150.
LaTeX Encoding Info:    Redeclaring text symbol \textdong (encoding TS1) on inp
ut line 151.
LaTeX Encoding Info:    Redeclaring text symbol \texttrademark (encoding TS1) o
n input line 152.
LaTeX Encoding Info:    Redeclaring text symbol \textpertenthousand (encoding T
S1) on input line 153.
LaTeX Encoding Info:    Redeclaring text symbol \textpilcrow (encoding TS1) on
input line 154.
LaTeX Encoding Info:    Redeclaring text symbol \textbaht (encoding TS1) on inp
ut line 155.
LaTeX Encoding Info:    Redeclaring text symbol \textnumero (encoding TS1) on i
nput line 156.
LaTeX Encoding Info:    Redeclaring text symbol \textdiscount (encoding TS1) on
 input line 157.
LaTeX Encoding Info:    Redeclaring text symbol \textestimated (encoding TS1) o
n input line 158.
LaTeX Encoding Info:    Redeclaring text symbol \textopenbullet (encoding TS1)
on input line 159.
LaTeX Encoding Info:    Redeclaring text symbol \textservicemark (encoding TS1)
 on input line 160.
LaTeX Encoding Info:    Redeclaring text symbol \textlquill (encoding TS1) on i
nput line 161.
LaTeX Encoding Info:    Redeclaring text symbol \textrquill (encoding TS1) on i
nput line 162.
LaTeX Encoding Info:    Redeclaring text symbol \textcent (encoding TS1) on inp
ut line 163.
LaTeX Encoding Info:    Redeclaring text symbol \textsterling (encoding TS1) on
 input line 164.
LaTeX Encoding Info:    Redeclaring text symbol \textcurrency (encoding TS1) on
 input line 165.
LaTeX Encoding Info:    Redeclaring text symbol \textyen (encoding TS1) on inpu
t line 166.
LaTeX Encoding Info:    Redeclaring text symbol \textbrokenbar (encoding TS1) o
n input line 167.
LaTeX Encoding Info:    Redeclaring text symbol \textsection (encoding TS1) on
input line 168.
LaTeX Encoding Info:    Redeclaring text symbol \textasciidieresis (encoding TS
1) on input line 169.
LaTeX Encoding Info:    Redeclaring text symbol \textcopyright (encoding TS1) o
n input line 170.
LaTeX Encoding Info:    Redeclaring text symbol \textordfeminine (encoding TS1)
 on input line 171.
LaTeX Encoding Info:    Redeclaring text symbol \textcopyleft (encoding TS1) on
 input line 172.
LaTeX Encoding Info:    Redeclaring text symbol \textlnot (encoding TS1) on inp
ut line 173.
LaTeX Encoding Info:    Redeclaring text symbol \textcircledP (encoding TS1) on
 input line 174.
LaTeX Encoding Info:    Redeclaring text symbol \textregistered (encoding TS1)
on input line 175.
LaTeX Encoding Info:    Redeclaring text symbol \textasciimacron (encoding TS1)
 on input line 176.
LaTeX Encoding Info:    Redeclaring text symbol \textdegree (encoding TS1) on i
nput line 177.
LaTeX Encoding Info:    Redeclaring text symbol \textpm (encoding TS1) on input
 line 178.
LaTeX Encoding Info:    Redeclaring text symbol \texttwosuperior (encoding TS1)
 on input line 179.
LaTeX Encoding Info:    Redeclaring text symbol \textthreesuperior (encoding TS
1) on input line 180.
LaTeX Encoding Info:    Redeclaring text symbol \textasciiacute (encoding TS1)
on input line 181.
LaTeX Encoding Info:    Redeclaring text symbol \textmu (encoding TS1) on input
 line 182.
LaTeX Encoding Info:    Redeclaring text symbol \textparagraph (encoding TS1) o
n input line 183.
LaTeX Encoding Info:    Redeclaring text symbol \textperiodcentered (encoding T
S1) on input line 184.
LaTeX Encoding Info:    Redeclaring text symbol \textreferencemark (encoding TS
1) on input line 185.
LaTeX Encoding Info:    Redeclaring text symbol \textonesuperior (encoding TS1)
 on input line 186.
LaTeX Encoding Info:    Redeclaring text symbol \textordmasculine (encoding TS1
) on input line 187.
LaTeX Encoding Info:    Redeclaring text symbol \textsurd (encoding TS1) on inp
ut line 188.
LaTeX Encoding Info:    Redeclaring text symbol \textonequarter (encoding TS1)
on input line 189.
LaTeX Encoding Info:    Redeclaring text symbol \textonehalf (encoding TS1) on
input line 190.
LaTeX Encoding Info:    Redeclaring text symbol \textthreequarters (encoding TS
1) on input line 191.
LaTeX Encoding Info:    Redeclaring text symbol \texteuro (encoding TS1) on inp
ut line 192.
LaTeX Encoding Info:    Redeclaring text symbol \texttimes (encoding TS1) on in
put line 193.
LaTeX Encoding Info:    Redeclaring text symbol \textdiv (encoding TS1) on inpu
t line 194.
))
\g__um_fam_int=\count305
\g__um_fonts_used_int=\count306
\l__um_primecount_int=\count307
\g__um_primekern_muskip=\muskip18

(/usr/local/texlive/2026/texmf-dist/tex/latex/unicode-math/unicode-math-table.t
ex))) (/usr/local/texlive/2026/texmf-dist/tex/latex/upquote/upquote.sty
Package: upquote 2012/04/19 v1.3 upright-quote and grave-accent glyphs in verba
tim

(/usr/local/texlive/2026/texmf-dist/tex/latex/base/textcomp.sty
Package: textcomp 2024/04/24 v2.1b Standard LaTeX package
))
(/usr/local/texlive/2026/texmf-dist/tex/latex/microtype/microtype.sty
Package: microtype 2026/03/01 v3.2d Micro-typographical refinements (RS)

(/usr/local/texlive/2026/texmf-dist/tex/latex/graphics/keyval.sty
Package: keyval 2022/05/29 v1.15 key=value parser (DPC)
\KV@toks@=\toks22
)
(/usr/local/texlive/2026/texmf-dist/tex/latex/etoolbox/etoolbox.sty
Package: etoolbox 2025/10/02 v2.5m e-TeX tools for LaTeX (JAW)
\etb@tempcnta=\count308
)
\MT@toks=\toks23
\MT@tempbox=\box55
\MT@count=\count309
LaTeX Info: Redefining \noprotrusionifhmode on input line 1084.
LaTeX Info: Redefining \leftprotrusion on input line 1085.
\MT@prot@toks=\toks24
LaTeX Info: Redefining \rightprotrusion on input line 1104.
LaTeX Info: Redefining \textls on input line 1449.
\MT@outer@kern=\dimen161
LaTeX Info: Redefining \microtypecontext on input line 2053.
LaTeX Info: Redefining \textmicrotypecontext on input line 2070.
\MT@listname@count=\count310

(/usr/local/texlive/2026/texmf-dist/tex/latex/microtype/microtype-xetex.def
File: microtype-xetex.def 2026/03/01 v3.2d Definitions specific to xetex (RS)
LaTeX Info: Redefining \lsstyle on input line 443.
LaTeX Info: Redefining \lslig on input line 451.
\MT@outer@space=\skip54
)
Package microtype Info: Loading configuration file microtype.cfg.

(/usr/local/texlive/2026/texmf-dist/tex/latex/microtype/microtype.cfg
File: microtype.cfg 2026/03/01 v3.2d microtype main configuration file (RS)
)
LaTeX Info: Redefining \microtypesetup on input line 3065.
)
(/usr/local/texlive/2026/texmf-dist/tex/latex/parskip/parskip.sty
Package: parskip 2021-03-14 v2.0h non-zero parskip adjustments

(/usr/local/texlive/2026/texmf-dist/tex/latex/kvoptions/kvoptions.sty
Package: kvoptions 2022-06-15 v3.15 Key value format for package options (HO)

(/usr/local/texlive/2026/texmf-dist/tex/generic/ltxcmds/ltxcmds.sty
Package: ltxcmds 2023-12-04 v1.26 LaTeX kernel commands for general use (HO)
)
(/usr/local/texlive/2026/texmf-dist/tex/latex/kvsetkeys/kvsetkeys.sty
Package: kvsetkeys 2022-10-05 v1.19 Key value parser (HO)
)))
(/usr/local/texlive/2026/texmf-dist/tex/latex/fancyvrb/fancyvrb.sty
Package: fancyvrb 2025/07/28 4.6 verbatim text (tvz,hv)
\FV@CodeLineNo=\count311
\FV@InFile=\read2
\FV@TabBox=\box56
\c@FancyVerbLine=\count312
\FV@StepNumber=\count313
\FV@OutFile=\write3
)
(/usr/local/texlive/2026/texmf-dist/tex/latex/tools/longtable.sty
Package: longtable 2025-10-13 v4.24 Multi-page Table package (DPC)
\LTleft=\skip55
\LTright=\skip56
\LTpre=\skip57
\LTpost=\skip58
\LTchunksize=\count314
\LTcapwidth=\dimen162
\LT@head=\box57
\LT@firsthead=\box58
\LT@foot=\box59
\LT@lastfoot=\box60
\LT@gbox=\box61
\LT@cols=\count315
\LT@rows=\count316
\c@LT@tables=\count317
\c@LT@chunks=\count318
\LT@p@ftn=\toks25
)
(/usr/local/texlive/2026/texmf-dist/tex/latex/booktabs/booktabs.sty
Package: booktabs 2020/01/12 v1.61803398 Publication quality tables
\heavyrulewidth=\dimen163
\lightrulewidth=\dimen164
\cmidrulewidth=\dimen165
\belowrulesep=\dimen166
\belowbottomsep=\dimen167
\aboverulesep=\dimen168
\abovetopsep=\dimen169
\cmidrulesep=\dimen170
\cmidrulekern=\dimen171
\defaultaddspace=\dimen172
\@cmidla=\count319
\@cmidlb=\count320
\@aboverulesep=\dimen173
\@belowrulesep=\dimen174
\@thisruleclass=\count321
\@lastruleclass=\count322
\@thisrulewidth=\dimen175
)
(/usr/local/texlive/2026/texmf-dist/tex/latex/tools/array.sty
Package: array 2025/09/25 v2.6n Tabular extension package (FMi)
\col@sep=\dimen176
\ar@mcellbox=\box62
\extrarowheight=\dimen177
\NC@list=\toks26
\extratabsurround=\skip59
\backup@length=\skip60
\ar@cellbox=\box63
)
(/usr/local/texlive/2026/texmf-dist/tex/latex/caption/caption.sty
Package: caption 2023/08/05 v3.6o Customizing captions (AR)

(/usr/local/texlive/2026/texmf-dist/tex/latex/caption/caption3.sty
Package: caption3 2023/07/31 v2.4d caption3 kernel (AR)
\caption@tempdima=\dimen178
\captionmargin=\dimen179
\caption@leftmargin=\dimen180
\caption@rightmargin=\dimen181
\caption@width=\dimen182
\caption@indent=\dimen183
\caption@parindent=\dimen184
\caption@hangindent=\dimen185
Package caption Info: Standard document class detected.
)
\c@caption@flags=\count323
\c@continuedfloat=\count324
Package caption Info: longtable package is loaded.

(/usr/local/texlive/2026/texmf-dist/tex/latex/caption/ltcaption.sty
Package: ltcaption 2021/01/08 v1.4c longtable captions (AR)
))
\c@none=\count325

(/usr/local/texlive/2026/texmf-dist/tex/latex/tools/calc.sty
Package: calc 2025/03/01 v4.3b Infix arithmetic (KKT,FJ)
\calc@Acount=\count326
\calc@Bcount=\count327
\calc@Adimen=\dimen186
\calc@Bdimen=\dimen187
\calc@Askip=\skip61
\calc@Bskip=\skip62
LaTeX Info: Redefining \setlength on input line 86.
LaTeX Info: Redefining \addtolength on input line 87.
\calc@Ccount=\count328
\calc@Cskip=\skip63
)
(/usr/local/texlive/2026/texmf-dist/tex/latex/footnotehyper/footnotehyper.sty
Package: footnotehyper 2025/11/15 v1.1f hyperref aware footnote.sty (JFB)
\FNH@notes=\box64
\FNH@width=\dimen188
\FNH@toks=\toks27
)
(/usr/local/texlive/2026/texmf-dist/tex/latex/graphics/graphicx.sty
Package: graphicx 2024/12/31 v1.2e Enhanced LaTeX Graphics (DPC,SPQR)

(/usr/local/texlive/2026/texmf-dist/tex/latex/graphics/graphics.sty
Package: graphics 2024/08/06 v1.4g Standard LaTeX Graphics (DPC,SPQR)

(/usr/local/texlive/2026/texmf-dist/tex/latex/graphics/trig.sty
Package: trig 2023/12/02 v1.11 sin cos tan (DPC)
)
(/usr/local/texlive/2026/texmf-dist/tex/latex/graphics-cfg/graphics.cfg
File: graphics.cfg 2016/06/04 v1.11 sample graphics configuration
)
Package graphics Info: Driver file: xetex.def on input line 106.
)
\Gin@req@height=\dimen189
\Gin@req@width=\dimen190
)
\pandoc@box=\box65

(/usr/local/texlive/2026/texmf-dist/tex/latex/natbib/natbib.sty
Package: natbib 2010/09/13 8.31b (PWD, AO)
\bibhang=\skip64
\bibsep=\skip65
LaTeX Info: Redefining \cite on input line 694.
\c@NAT@ctr=\count329
)
(/usr/local/texlive/2026/texmf-dist/tex/latex/caption/subcaption.sty
Package: subcaption 2023/07/28 v1.6b Sub-captions (AR)
Package caption Info: New subtype `subfigure' on input line 238.
\c@subfigure=\count330
Package caption Info: New subtype `subtable' on input line 238.
\c@subtable=\count331
)
\c@pandoccrossref@subfigures@footnote@counter=\count332

(/usr/local/texlive/2026/texmf-dist/tex/latex/float/float.sty
Package: float 2001/11/08 v1.3d Float enhancements (AL)
\c@float@type=\count333
\float@exts=\toks28
\float@box=\box66
\@float@everytoks=\toks29
\@floatcapt=\box67
)
\@float@every@codelisting=\toks30
\c@codelisting=\count334

(/usr/local/texlive/2026/texmf-dist/tex/latex/bookmark/bookmark.sty
Package: bookmark 2023-12-10 v1.31 PDF bookmarks (HO)

(/usr/local/texlive/2026/texmf-dist/tex/latex/hyperref/hyperref.sty
Package: hyperref 2026-01-29 v7.01p Hypertext links for LaTeX

(/usr/local/texlive/2026/texmf-dist/tex/generic/kvdefinekeys/kvdefinekeys.sty
Package: kvdefinekeys 2019-12-19 v1.6 Define keys (HO)
)
(/usr/local/texlive/2026/texmf-dist/tex/generic/pdfescape/pdfescape.sty
Package: pdfescape 2019/12/09 v1.15 Implements pdfTeX's escape features (HO)

(/usr/local/texlive/2026/texmf-dist/tex/generic/pdftexcmds/pdftexcmds.sty
Package: pdftexcmds 2020-06-27 v0.33 Utility functions of pdfTeX for LuaTeX (HO
)

(/usr/local/texlive/2026/texmf-dist/tex/generic/infwarerr/infwarerr.sty
Package: infwarerr 2019/12/03 v1.5 Providing info/warning/error messages (HO)
)
Package pdftexcmds Info: \pdf@primitive is available.
Package pdftexcmds Info: \pdf@ifprimitive is available.
Package pdftexcmds Info: \pdfdraftmode not found.
))
(/usr/local/texlive/2026/texmf-dist/tex/latex/hycolor/hycolor.sty
Package: hycolor 2020-01-27 v1.10 Color options for hyperref/bookmark (HO)
)
(/usr/local/texlive/2026/texmf-dist/tex/latex/hyperref/nameref.sty
Package: nameref 2026-01-29 v2.58 Cross-referencing by name of section

(/usr/local/texlive/2026/texmf-dist/tex/latex/refcount/refcount.sty
Package: refcount 2019/12/15 v3.6 Data extraction from label references (HO)
)
(/usr/local/texlive/2026/texmf-dist/tex/generic/gettitlestring/gettitlestring.s
ty
Package: gettitlestring 2019/12/15 v1.6 Cleanup title references (HO)
)
\c@section@level=\count335
) (/usr/local/texlive/2026/texmf-dist/tex/generic/stringenc/stringenc.sty
Package: stringenc 2019/11/29 v1.12 Convert strings between diff. encodings (HO
)
)
\@linkdim=\dimen191
\Hy@linkcounter=\count336
\Hy@pagecounter=\count337

(/usr/local/texlive/2026/texmf-dist/tex/latex/hyperref/pd1enc.def
File: pd1enc.def 2026-01-29 v7.01p Hyperref: PDFDocEncoding definition (HO)
)
(/usr/local/texlive/2026/texmf-dist/tex/generic/intcalc/intcalc.sty
Package: intcalc 2019/12/15 v1.3 Expandable calculations with integers (HO)
)
\Hy@SavedSpaceFactor=\count338

(/usr/local/texlive/2026/texmf-dist/tex/latex/hyperref/puenc.def
File: puenc.def 2026-01-29 v7.01p Hyperref: PDF Unicode definition (HO)
)
Package hyperref Info: Option `unicode' set `true' on input line 4072.
Package hyperref Info: Hyper figures OFF on input line 4201.
Package hyperref Info: Link nesting OFF on input line 4206.
Package hyperref Info: Hyper index ON on input line 4209.
Package hyperref Info: Plain pages OFF on input line 4216.
Package hyperref Info: Backreferencing OFF on input line 4221.
Package hyperref Info: Implicit mode ON; LaTeX internals redefined.
Package hyperref Info: Bookmarks ON on input line 4468.
\c@Hy@tempcnt=\count339

(/usr/local/texlive/2026/texmf-dist/tex/latex/url/url.sty
\Urlmuskip=\muskip19
Package: url 2013/09/16  ver 3.4  Verb mode for urls, etc.
)
LaTeX Info: Redefining \url on input line 4807.
\XeTeXLinkMargin=\dimen192

(/usr/local/texlive/2026/texmf-dist/tex/generic/bitset/bitset.sty
Package: bitset 2019/12/09 v1.3 Handle bit-vector datatype (HO)

(/usr/local/texlive/2026/texmf-dist/tex/generic/bigintcalc/bigintcalc.sty
Package: bigintcalc 2019/12/15 v1.5 Expandable calculations on big integers (HO
)
))
\Fld@menulength=\count340
\Field@Width=\dimen193
\Fld@charsize=\dimen194
Package hyperref Info: Hyper figures OFF on input line 6084.
Package hyperref Info: Link nesting OFF on input line 6089.
Package hyperref Info: Hyper index ON on input line 6092.
Package hyperref Info: backreferencing OFF on input line 6099.
Package hyperref Info: Link coloring OFF on input line 6104.
Package hyperref Info: Link coloring with OCG OFF on input line 6109.
Package hyperref Info: PDF/A mode OFF on input line 6114.
\Hy@abspage=\count341
\c@Item=\count342
\c@Hfootnote=\count343
)
Package hyperref Info: Driver (autodetected): hxetex.

(/usr/local/texlive/2026/texmf-dist/tex/latex/hyperref/hxetex.def
File: hxetex.def 2026-01-29 v7.01p Hyperref driver for XeTeX
\pdfm@box=\box68
\c@Hy@AnnotLevel=\count344
\HyField@AnnotCount=\count345
\Fld@listcount=\count346
\c@bookmark@seq@number=\count347

(/usr/local/texlive/2026/texmf-dist/tex/latex/rerunfilecheck/rerunfilecheck.sty
Package: rerunfilecheck 2025-06-21 v1.11 Rerun checks for auxiliary files (HO)

(/usr/local/texlive/2026/texmf-dist/tex/generic/uniquecounter/uniquecounter.sty
Package: uniquecounter 2019/12/15 v1.4 Provide unlimited unique counter (HO)
)
Package uniquecounter Info: New unique counter `rerunfilecheck' on input line 2
84.
)
\Hy@SectionHShift=\skip66
) (/usr/local/texlive/2026/texmf-dist/tex/latex/bookmark/bkm-dvipdfm.def
File: bkm-dvipdfm.def 2023-12-10 v1.31 bookmark driver for dvipdfm (HO)
\BKM@id=\count348
))
(/usr/local/texlive/2026/texmf-dist/tex/latex/xurl/xurl.sty
Package: xurl 2022/01/09 v 0.10 modify URL breaks
)
Package hyperref Info: Option `colorlinks' set `true' on input line 155.

(/usr/local/texlive/2026/texmf-dist/tex/latex/amscls/amsthm.sty
Package: amsthm 2020/05/29 v2.20.6
\thm@style=\toks31
\thm@bodyfont=\toks32
\thm@headfont=\toks33
\thm@notefont=\toks34
\thm@headpunct=\toks35
\thm@preskip=\skip67
\thm@postskip=\skip68
\thm@headsep=\skip69
\dth@everypar=\toks36
)
(/usr/local/texlive/2026/texmf-dist/tex/latex/mathtools/mathtools.sty
Package: mathtools 2024/10/04 v1.31 mathematical typesetting tools

(/usr/local/texlive/2026/texmf-dist/tex/latex/mathtools/mhsetup.sty
Package: mhsetup 2021/03/18 v1.4 programming setup (MH)
)

Package mathtools Warning: For best results, please load mathtools *before*
(mathtools)                unicode-math on input line 127.

\g_MT_multlinerow_int=\count349
\l_MT_multwidth_dim=\dimen195
\origjot=\skip70
\l_MT_shortvdotswithinadjustabove_dim=\dimen196
\l_MT_shortvdotswithinadjustbelow_dim=\dimen197
\l_MT_above_intertext_sep=\dimen198
\l_MT_below_intertext_sep=\dimen199
\l_MT_above_shortintertext_sep=\dimen256
\l_MT_below_shortintertext_sep=\dimen257
\xmathstrut@box=\box69
\xmathstrut@dim=\dimen258
) (/usr/local/texlive/2026/texmf-dist/tex/latex/algorithms/algorithm.sty
Invalid UTF-8 byte or sequence at line 11 replaced by U+FFFD.
Package: algorithm 2009/08/24 v0.1 Document Style `algorithm' - floating enviro
nment

(/usr/local/texlive/2026/texmf-dist/tex/latex/base/ifthen.sty
Package: ifthen 2024/03/16 v1.1e Standard LaTeX ifthen package (DPC)
)
\@float@every@algorithm=\toks37
\c@algorithm=\count350
)
(/usr/local/texlive/2026/texmf-dist/tex/latex/algorithmicx/algpseudocode.sty
Package: algpseudocode

(/usr/local/texlive/2026/texmf-dist/tex/latex/algorithmicx/algorithmicx.sty
Package: algorithmicx 2005/04/27 v1.2 Algorithmicx

Document Style algorithmicx 1.2 - a greatly improved `algorithmic' style
\c@ALG@line=\count351
\c@ALG@rem=\count352
\c@ALG@nested=\count353
\ALG@tlm=\skip71
\ALG@thistlm=\skip72
\c@ALG@Lnr=\count354
\c@ALG@blocknr=\count355
\c@ALG@storecount=\count356
\c@ALG@tmpcounter=\count357
\ALG@tmplength=\skip73
)
Document Style - pseudocode environments for use with the `algorithmicx' style
) (/usr/local/texlive/2026/texmf-dist/tex/latex/multirow/multirow.sty
Package: multirow 2024/11/12 v2.9 Span multiple rows of a table
\multirow@colwidth=\skip74
\multirow@cntb=\count358
\multirow@dima=\skip75
\bigstrutjot=\dimen259
)
(/usr/local/texlive/2026/texmf-dist/tex/latex/pgf/frontendlayer/tikz.sty
(/usr/local/texlive/2026/texmf-dist/tex/latex/pgf/basiclayer/pgf.sty
(/usr/local/texlive/2026/texmf-dist/tex/latex/pgf/utilities/pgfrcs.sty
(/usr/local/texlive/2026/texmf-dist/tex/generic/pgf/utilities/pgfutil-common.te
x
\pgfutil@everybye=\toks38
\pgfutil@tempdima=\dimen260
\pgfutil@tempdimb=\dimen261
)
(/usr/local/texlive/2026/texmf-dist/tex/generic/pgf/utilities/pgfutil-latex.def
\pgfutil@abb=\box70
) (/usr/local/texlive/2026/texmf-dist/tex/generic/pgf/utilities/pgfrcs.code.tex
(/usr/local/texlive/2026/texmf-dist/tex/generic/pgf/pgf.revision.tex)
Package: pgfrcs 2025-08-29 v3.1.11a (3.1.11a)
))
Package: pgf 2025-08-29 v3.1.11a (3.1.11a)

(/usr/local/texlive/2026/texmf-dist/tex/latex/pgf/basiclayer/pgfcore.sty
(/usr/local/texlive/2026/texmf-dist/tex/latex/pgf/systemlayer/pgfsys.sty
(/usr/local/texlive/2026/texmf-dist/tex/generic/pgf/systemlayer/pgfsys.code.tex
Package: pgfsys 2025-08-29 v3.1.11a (3.1.11a)
(/usr/local/texlive/2026/texmf-dist/tex/generic/pgf/utilities/pgfkeys.code.tex
\pgfkeys@pathtoks=\toks39
\pgfkeys@temptoks=\toks40

(/usr/local/texlive/2026/texmf-dist/tex/generic/pgf/utilities/pgfkeyslibraryfil
tered.code.tex
\pgfkeys@tmptoks=\toks41
))
\pgf@x=\dimen262
\pgf@y=\dimen263
\pgf@xa=\dimen264
\pgf@ya=\dimen265
\pgf@xb=\dimen266
\pgf@yb=\dimen267
\pgf@xc=\dimen268
\pgf@yc=\dimen269
\pgf@xd=\dimen270
\pgf@yd=\dimen271
\w@pgf@writea=\write4
\r@pgf@reada=\read3
\c@pgf@counta=\count359
\c@pgf@countb=\count360
\c@pgf@countc=\count361
\c@pgf@countd=\count362
\t@pgf@toka=\toks42
\t@pgf@tokb=\toks43
\t@pgf@tokc=\toks44
\pgf@sys@id@count=\count363

(/usr/local/texlive/2026/texmf-dist/tex/generic/pgf/systemlayer/pgf.cfg
File: pgf.cfg 2025-08-29 v3.1.11a (3.1.11a)
)
Driver file for pgf: pgfsys-xetex.def

(/usr/local/texlive/2026/texmf-dist/tex/generic/pgf/systemlayer/pgfsys-xetex.de
f
File: pgfsys-xetex.def 2025-08-29 v3.1.11a (3.1.11a)

(/usr/local/texlive/2026/texmf-dist/tex/generic/pgf/systemlayer/pgfsys-dvipdfmx
.def
File: pgfsys-dvipdfmx.def 2025-08-29 v3.1.11a (3.1.11a)

(/usr/local/texlive/2026/texmf-dist/tex/generic/pgf/systemlayer/pgfsys-common-p
df.def
File: pgfsys-common-pdf.def 2025-08-29 v3.1.11a (3.1.11a)
)
\pgfsys@objnum=\count364
)))
(/usr/local/texlive/2026/texmf-dist/tex/generic/pgf/systemlayer/pgfsyssoftpath.
code.tex
File: pgfsyssoftpath.code.tex 2025-08-29 v3.1.11a (3.1.11a)
\pgfsyssoftpath@smallbuffer@items=\count365
\pgfsyssoftpath@bigbuffer@items=\count366
)
(/usr/local/texlive/2026/texmf-dist/tex/generic/pgf/systemlayer/pgfsysprotocol.
code.tex
File: pgfsysprotocol.code.tex 2025-08-29 v3.1.11a (3.1.11a)
))
(/usr/local/texlive/2026/texmf-dist/tex/generic/pgf/basiclayer/pgfcore.code.tex
Package: pgfcore 2025-08-29 v3.1.11a (3.1.11a)
(/usr/local/texlive/2026/texmf-dist/tex/generic/pgf/math/pgfmath.code.tex
(/usr/local/texlive/2026/texmf-dist/tex/generic/pgf/math/pgfmathutil.code.tex)
(/usr/local/texlive/2026/texmf-dist/tex/generic/pgf/math/pgfmathparser.code.tex
\pgfmath@dimen=\dimen272
\pgfmath@count=\count367
\pgfmath@box=\box71
\pgfmath@toks=\toks45
\pgfmath@stack@operand=\toks46
\pgfmath@stack@operation=\toks47
)
(/usr/local/texlive/2026/texmf-dist/tex/generic/pgf/math/pgfmathfunctions.code.
tex)
(/usr/local/texlive/2026/texmf-dist/tex/generic/pgf/math/pgfmathfunctions.basic
.code.tex)
(/usr/local/texlive/2026/texmf-dist/tex/generic/pgf/math/pgfmathfunctions.trigo
nometric.code.tex)
(/usr/local/texlive/2026/texmf-dist/tex/generic/pgf/math/pgfmathfunctions.rando
m.code.tex)
(/usr/local/texlive/2026/texmf-dist/tex/generic/pgf/math/pgfmathfunctions.compa
rison.code.tex)
(/usr/local/texlive/2026/texmf-dist/tex/generic/pgf/math/pgfmathfunctions.base.
code.tex)
(/usr/local/texlive/2026/texmf-dist/tex/generic/pgf/math/pgfmathfunctions.round
.code.tex)
(/usr/local/texlive/2026/texmf-dist/tex/generic/pgf/math/pgfmathfunctions.misc.
code.tex)
(/usr/local/texlive/2026/texmf-dist/tex/generic/pgf/math/pgfmathfunctions.integ
erarithmetics.code.tex)
(/usr/local/texlive/2026/texmf-dist/tex/generic/pgf/math/pgfmathcalc.code.tex)
(/usr/local/texlive/2026/texmf-dist/tex/generic/pgf/math/pgfmathfloat.code.tex
\c@pgfmathroundto@lastzeros=\count368
)) (/usr/local/texlive/2026/texmf-dist/tex/generic/pgf/math/pgfint.code.tex)
(/usr/local/texlive/2026/texmf-dist/tex/generic/pgf/basiclayer/pgfcorepoints.co
de.tex
File: pgfcorepoints.code.tex 2025-08-29 v3.1.11a (3.1.11a)
\pgf@picminx=\dimen273
\pgf@picmaxx=\dimen274
\pgf@picminy=\dimen275
\pgf@picmaxy=\dimen276
\pgf@pathminx=\dimen277
\pgf@pathmaxx=\dimen278
\pgf@pathminy=\dimen279
\pgf@pathmaxy=\dimen280
\pgf@xx=\dimen281
\pgf@xy=\dimen282
\pgf@yx=\dimen283
\pgf@yy=\dimen284
\pgf@zx=\dimen285
\pgf@zy=\dimen286
)
(/usr/local/texlive/2026/texmf-dist/tex/generic/pgf/basiclayer/pgfcorepathconst
ruct.code.tex
File: pgfcorepathconstruct.code.tex 2025-08-29 v3.1.11a (3.1.11a)
\pgf@path@lastx=\dimen287
\pgf@path@lasty=\dimen288
)
(/usr/local/texlive/2026/texmf-dist/tex/generic/pgf/basiclayer/pgfcorepathusage
.code.tex
File: pgfcorepathusage.code.tex 2025-08-29 v3.1.11a (3.1.11a)
\pgf@shorten@end@additional=\dimen289
\pgf@shorten@start@additional=\dimen290
)
(/usr/local/texlive/2026/texmf-dist/tex/generic/pgf/basiclayer/pgfcorescopes.co
de.tex
File: pgfcorescopes.code.tex 2025-08-29 v3.1.11a (3.1.11a)
\pgfpic=\box72
\pgf@hbox=\box73
\pgf@layerbox@main=\box74
\pgf@picture@serial@count=\count369
)
(/usr/local/texlive/2026/texmf-dist/tex/generic/pgf/basiclayer/pgfcoregraphicst
ate.code.tex
File: pgfcoregraphicstate.code.tex 2025-08-29 v3.1.11a (3.1.11a)
\pgflinewidth=\dimen291
)
(/usr/local/texlive/2026/texmf-dist/tex/generic/pgf/basiclayer/pgfcoretransform
ations.code.tex
File: pgfcoretransformations.code.tex 2025-08-29 v3.1.11a (3.1.11a)
\pgf@pt@x=\dimen292
\pgf@pt@y=\dimen293
\pgf@pt@temp=\dimen294
)
(/usr/local/texlive/2026/texmf-dist/tex/generic/pgf/basiclayer/pgfcorequick.cod
e.tex
File: pgfcorequick.code.tex 2025-08-29 v3.1.11a (3.1.11a)
)
(/usr/local/texlive/2026/texmf-dist/tex/generic/pgf/basiclayer/pgfcoreobjects.c
ode.tex
File: pgfcoreobjects.code.tex 2025-08-29 v3.1.11a (3.1.11a)
)
(/usr/local/texlive/2026/texmf-dist/tex/generic/pgf/basiclayer/pgfcorepathproce
ssing.code.tex
File: pgfcorepathprocessing.code.tex 2025-08-29 v3.1.11a (3.1.11a)
)
(/usr/local/texlive/2026/texmf-dist/tex/generic/pgf/basiclayer/pgfcorearrows.co
de.tex
File: pgfcorearrows.code.tex 2025-08-29 v3.1.11a (3.1.11a)
\pgfarrowsep=\dimen295
)
(/usr/local/texlive/2026/texmf-dist/tex/generic/pgf/basiclayer/pgfcoreshade.cod
e.tex
File: pgfcoreshade.code.tex 2025-08-29 v3.1.11a (3.1.11a)
\pgf@max=\dimen296
\pgf@sys@shading@range@num=\count370
\pgf@shadingcount=\count371
)
(/usr/local/texlive/2026/texmf-dist/tex/generic/pgf/basiclayer/pgfcoreimage.cod
e.tex
File: pgfcoreimage.code.tex 2025-08-29 v3.1.11a (3.1.11a)
)
(/usr/local/texlive/2026/texmf-dist/tex/generic/pgf/basiclayer/pgfcoreexternal.
code.tex
File: pgfcoreexternal.code.tex 2025-08-29 v3.1.11a (3.1.11a)
\pgfexternal@startupbox=\box75
)
(/usr/local/texlive/2026/texmf-dist/tex/generic/pgf/basiclayer/pgfcorelayers.co
de.tex
File: pgfcorelayers.code.tex 2025-08-29 v3.1.11a (3.1.11a)
)
(/usr/local/texlive/2026/texmf-dist/tex/generic/pgf/basiclayer/pgfcoretranspare
ncy.code.tex
File: pgfcoretransparency.code.tex 2025-08-29 v3.1.11a (3.1.11a)
)
(/usr/local/texlive/2026/texmf-dist/tex/generic/pgf/basiclayer/pgfcorepatterns.
code.tex
File: pgfcorepatterns.code.tex 2025-08-29 v3.1.11a (3.1.11a)
)
(/usr/local/texlive/2026/texmf-dist/tex/generic/pgf/basiclayer/pgfcorerdf.code.
tex
File: pgfcorerdf.code.tex 2025-08-29 v3.1.11a (3.1.11a)
)))
(/usr/local/texlive/2026/texmf-dist/tex/generic/pgf/modules/pgfmoduleshapes.cod
e.tex
File: pgfmoduleshapes.code.tex 2025-08-29 v3.1.11a (3.1.11a)
\pgfnodeparttextbox=\box76
)
(/usr/local/texlive/2026/texmf-dist/tex/generic/pgf/modules/pgfmoduleplot.code.
tex
File: pgfmoduleplot.code.tex 2025-08-29 v3.1.11a (3.1.11a)
)
(/usr/local/texlive/2026/texmf-dist/tex/latex/pgf/compatibility/pgfcomp-version
-0-65.sty
Package: pgfcomp-version-0-65 2025-08-29 v3.1.11a (3.1.11a)
\pgf@nodesepstart=\dimen297
\pgf@nodesepend=\dimen298
)
(/usr/local/texlive/2026/texmf-dist/tex/latex/pgf/compatibility/pgfcomp-version
-1-18.sty
Package: pgfcomp-version-1-18 2025-08-29 v3.1.11a (3.1.11a)
))
(/usr/local/texlive/2026/texmf-dist/tex/latex/pgf/utilities/pgffor.sty
(/usr/local/texlive/2026/texmf-dist/tex/latex/pgf/utilities/pgfkeys.sty
(/usr/local/texlive/2026/texmf-dist/tex/generic/pgf/utilities/pgfkeys.code.tex)
) (/usr/local/texlive/2026/texmf-dist/tex/latex/pgf/math/pgfmath.sty
(/usr/local/texlive/2026/texmf-dist/tex/generic/pgf/math/pgfmath.code.tex))
(/usr/local/texlive/2026/texmf-dist/tex/generic/pgf/utilities/pgffor.code.tex
Package: pgffor 2025-08-29 v3.1.11a (3.1.11a)
\pgffor@iter=\dimen299
\pgffor@skip=\dimen300
\pgffor@stack=\toks48
\pgffor@toks=\toks49
))
(/usr/local/texlive/2026/texmf-dist/tex/generic/pgf/frontendlayer/tikz/tikz.cod
e.tex
Package: tikz 2025-08-29 v3.1.11a (3.1.11a)

(/usr/local/texlive/2026/texmf-dist/tex/generic/pgf/libraries/pgflibraryplothan
dlers.code.tex
File: pgflibraryplothandlers.code.tex 2025-08-29 v3.1.11a (3.1.11a)
\pgf@plot@mark@count=\count372
\pgfplotmarksize=\dimen301
)
\tikz@lastx=\dimen302
\tikz@lasty=\dimen303
\tikz@lastxsaved=\dimen304
\tikz@lastysaved=\dimen305
\tikz@lastmovetox=\dimen306
\tikz@lastmovetoy=\dimen307
\tikzleveldistance=\dimen308
\tikzsiblingdistance=\dimen309
\tikz@figbox=\box77
\tikz@figbox@bg=\box78
\tikz@tempbox=\box79
\tikz@tempbox@bg=\box80
\tikztreelevel=\count373
\tikznumberofchildren=\count374
\tikznumberofcurrentchild=\count375
\tikz@fig@count=\count376

(/usr/local/texlive/2026/texmf-dist/tex/generic/pgf/modules/pgfmodulematrix.cod
e.tex
File: pgfmodulematrix.code.tex 2025-08-29 v3.1.11a (3.1.11a)
\pgfmatrixcurrentrow=\count377
\pgfmatrixcurrentcolumn=\count378
\pgf@matrix@numberofcolumns=\count379
)
\tikz@expandcount=\count380

(/usr/local/texlive/2026/texmf-dist/tex/generic/pgf/frontendlayer/tikz/librarie
s/tikzlibrarytopaths.code.tex
File: tikzlibrarytopaths.code.tex 2025-08-29 v3.1.11a (3.1.11a)
)))
(/usr/local/texlive/2026/texmf-dist/tex/latex/pgfplots/pgfplots.sty
(/usr/local/texlive/2026/texmf-dist/tex/generic/pgfplots/pgfplots.revision.tex)
Package: pgfplots 2025/08/14 v1.18.2 Data Visualization (1.18.2)
(/usr/local/texlive/2026/texmf-dist/tex/generic/pgfplots/pgfplots.code.tex
(/usr/local/texlive/2026/texmf-dist/tex/generic/pgfplots/pgfplotscore.code.tex
\t@pgfplots@toka=\toks50
\t@pgfplots@tokb=\toks51
\t@pgfplots@tokc=\toks52
\pgfplots@tmpa=\dimen310
\c@pgfplots@coordindex=\count381
\c@pgfplots@scanlineindex=\count382

(/usr/local/texlive/2026/texmf-dist/tex/generic/pgfplots/sys/pgfplotssysgeneric
.code.tex))
(/usr/local/texlive/2026/texmf-dist/tex/generic/pgfplots/libs/pgfplotslibrary.c
ode.tex)
(/usr/local/texlive/2026/texmf-dist/tex/generic/pgfplots/oldpgfcompatib/pgfplot
soldpgfsupp_loader.code.tex
(/usr/local/texlive/2026/texmf-dist/tex/generic/pgf/libraries/pgflibraryfpu.cod
e.tex)
(/usr/local/texlive/2026/texmf-dist/tex/generic/pgfplots/oldpgfcompatib/pgfplot
soldpgfsupp_pgfutil-common-lists.tex))
(/usr/local/texlive/2026/texmf-dist/tex/generic/pgfplots/util/pgfplotsutil.code
.tex
(/usr/local/texlive/2026/texmf-dist/tex/generic/pgfplots/liststructure/pgfplots
liststructure.code.tex)
(/usr/local/texlive/2026/texmf-dist/tex/generic/pgfplots/liststructure/pgfplots
liststructureext.code.tex)
(/usr/local/texlive/2026/texmf-dist/tex/generic/pgfplots/liststructure/pgfplots
array.code.tex
\c@pgfplotsarray@tmp=\count383
)
(/usr/local/texlive/2026/texmf-dist/tex/generic/pgfplots/liststructure/pgfplots
matrix.code.tex)
(/usr/local/texlive/2026/texmf-dist/tex/generic/pgfplots/numtable/pgfplotstable
shared.code.tex
\c@pgfplotstable@counta=\count384
\t@pgfplotstable@a=\toks53
)
(/usr/local/texlive/2026/texmf-dist/tex/generic/pgfplots/liststructure/pgfplots
deque.code.tex)
(/usr/local/texlive/2026/texmf-dist/tex/generic/pgfplots/util/pgfplotsbinary.co
de.tex
(/usr/local/texlive/2026/texmf-dist/tex/generic/pgfplots/util/pgfplotsbinary.da
ta.code.tex))
(/usr/local/texlive/2026/texmf-dist/tex/generic/pgfplots/util/pgfplotsutil.verb
.code.tex)
(/usr/local/texlive/2026/texmf-dist/tex/generic/pgfplots/libs/pgflibrarypgfplot
s.surfshading.code.tex
\c@pgfplotslibrarysurf@no=\count385

(/usr/local/texlive/2026/texmf-dist/tex/generic/pgfplots/sys/pgflibrarypgfplots
.surfshading.pgfsys-xetex.def
(/usr/local/texlive/2026/texmf-dist/tex/generic/pgfplots/sys/pgflibrarypgfplots
.surfshading.pgfsys-dvipdfmx.def
\c@pgfplotslibrarysurf@streamlen=\count386
))))
(/usr/local/texlive/2026/texmf-dist/tex/generic/pgfplots/util/pgfplotscolormap.
code.tex
(/usr/local/texlive/2026/texmf-dist/tex/generic/pgfplots/util/pgfplotscolor.cod
e.tex))
(/usr/local/texlive/2026/texmf-dist/tex/generic/pgfplots/pgfplotsstackedplots.c
ode.tex)
(/usr/local/texlive/2026/texmf-dist/tex/generic/pgfplots/pgfplotsplothandlers.c
ode.tex
(/usr/local/texlive/2026/texmf-dist/tex/generic/pgfplots/pgfplotsmeshplothandle
r.code.tex
(/usr/local/texlive/2026/texmf-dist/tex/generic/pgfplots/pgfplotsmeshplotimage.
code.tex)))
(/usr/local/texlive/2026/texmf-dist/tex/generic/pgfplots/pgfplots.scaling.code.
tex)
(/usr/local/texlive/2026/texmf-dist/tex/generic/pgfplots/pgfplotscoordprocessin
g.code.tex)
(/usr/local/texlive/2026/texmf-dist/tex/generic/pgfplots/pgfplots.errorbars.cod
e.tex)
(/usr/local/texlive/2026/texmf-dist/tex/generic/pgfplots/pgfplots.markers.code.
tex)
(/usr/local/texlive/2026/texmf-dist/tex/generic/pgfplots/pgfplotsticks.code.tex
)
(/usr/local/texlive/2026/texmf-dist/tex/generic/pgfplots/pgfplots.paths.code.te
x)
(/usr/local/texlive/2026/texmf-dist/tex/generic/pgf/frontendlayer/tikz/librarie
s/tikzlibrarydecorations.code.tex
(/usr/local/texlive/2026/texmf-dist/tex/generic/pgf/modules/pgfmoduledecoration
s.code.tex
\pgfdecoratedcompleteddistance=\dimen311
\pgfdecoratedremainingdistance=\dimen312
\pgfdecoratedinputsegmentcompleteddistance=\dimen313
\pgfdecoratedinputsegmentremainingdistance=\dimen314
\pgf@decorate@distancetomove=\dimen315
\pgf@decorate@repeatstate=\count387
\pgfdecorationsegmentamplitude=\dimen316
\pgfdecorationsegmentlength=\dimen317
)
\tikz@lib@dec@box=\box81
)
(/usr/local/texlive/2026/texmf-dist/tex/generic/pgf/frontendlayer/tikz/librarie
s/tikzlibrarydecorations.pathmorphing.code.tex
(/usr/local/texlive/2026/texmf-dist/tex/generic/pgf/libraries/decorations/pgfli
brarydecorations.pathmorphing.code.tex))
(/usr/local/texlive/2026/texmf-dist/tex/generic/pgf/frontendlayer/tikz/librarie
s/tikzlibrarydecorations.pathreplacing.code.tex
(/usr/local/texlive/2026/texmf-dist/tex/generic/pgf/libraries/decorations/pgfli
brarydecorations.pathreplacing.code.tex))
(/usr/local/texlive/2026/texmf-dist/tex/generic/pgfplots/libs/tikzlibrarypgfplo
ts.contourlua.code.tex)
\pgfplots@numplots=\count388
\pgfplots@xmin@reg=\dimen318
\pgfplots@xmax@reg=\dimen319
\pgfplots@ymin@reg=\dimen320
\pgfplots@ymax@reg=\dimen321
\pgfplots@zmin@reg=\dimen322
\pgfplots@zmax@reg=\dimen323
)
(/usr/local/texlive/2026/texmf-dist/tex/generic/pgf/frontendlayer/tikz/librarie
s/tikzlibraryplotmarks.code.tex
File: tikzlibraryplotmarks.code.tex 2025-08-29 v3.1.11a (3.1.11a)

(/usr/local/texlive/2026/texmf-dist/tex/generic/pgf/libraries/pgflibraryplotmar
ks.code.tex
File: pgflibraryplotmarks.code.tex 2025-08-29 v3.1.11a (3.1.11a)
)))
(/usr/local/texlive/2026/texmf-dist/tex/generic/pgf/frontendlayer/tikz/librarie
s/tikzlibraryshapes.code.tex
File: tikzlibraryshapes.code.tex 2025-08-29 v3.1.11a (3.1.11a)

(/usr/local/texlive/2026/texmf-dist/tex/generic/pgf/frontendlayer/tikz/librarie
s/tikzlibraryshapes.geometric.code.tex
File: tikzlibraryshapes.geometric.code.tex 2025-08-29 v3.1.11a (3.1.11a)

(/usr/local/texlive/2026/texmf-dist/tex/generic/pgf/libraries/shapes/pgflibrary
shapes.geometric.code.tex
File: pgflibraryshapes.geometric.code.tex 2025-08-29 v3.1.11a (3.1.11a)
))
(/usr/local/texlive/2026/texmf-dist/tex/generic/pgf/frontendlayer/tikz/librarie
s/tikzlibraryshapes.misc.code.tex
File: tikzlibraryshapes.misc.code.tex 2025-08-29 v3.1.11a (3.1.11a)

(/usr/local/texlive/2026/texmf-dist/tex/generic/pgf/libraries/shapes/pgflibrary
shapes.misc.code.tex
File: pgflibraryshapes.misc.code.tex 2025-08-29 v3.1.11a (3.1.11a)
))
(/usr/local/texlive/2026/texmf-dist/tex/generic/pgf/frontendlayer/tikz/librarie
s/tikzlibraryshapes.symbols.code.tex
File: tikzlibraryshapes.symbols.code.tex 2025-08-29 v3.1.11a (3.1.11a)

(/usr/local/texlive/2026/texmf-dist/tex/generic/pgf/libraries/shapes/pgflibrary
shapes.symbols.code.tex
File: pgflibraryshapes.symbols.code.tex 2025-08-29 v3.1.11a (3.1.11a)
))
(/usr/local/texlive/2026/texmf-dist/tex/generic/pgf/frontendlayer/tikz/librarie
s/tikzlibraryshapes.arrows.code.tex
File: tikzlibraryshapes.arrows.code.tex 2025-08-29 v3.1.11a (3.1.11a)

(/usr/local/texlive/2026/texmf-dist/tex/generic/pgf/libraries/shapes/pgflibrary
shapes.arrows.code.tex
File: pgflibraryshapes.arrows.code.tex 2025-08-29 v3.1.11a (3.1.11a)
))
(/usr/local/texlive/2026/texmf-dist/tex/generic/pgf/frontendlayer/tikz/librarie
s/tikzlibraryshapes.callouts.code.tex
(/usr/local/texlive/2026/texmf-dist/tex/generic/pgf/libraries/shapes/pgflibrary
shapes.callouts.code.tex))
(/usr/local/texlive/2026/texmf-dist/tex/generic/pgf/frontendlayer/tikz/librarie
s/tikzlibraryshapes.multipart.code.tex
File: tikzlibraryshapes.multipart.code.tex 2025-08-29 v3.1.11a (3.1.11a)

(/usr/local/texlive/2026/texmf-dist/tex/generic/pgf/libraries/shapes/pgflibrary
shapes.multipart.code.tex
File: pgflibraryshapes.multipart.code.tex 2025-08-29 v3.1.11a (3.1.11a)
\pgfnodepartlowerbox=\box82
\pgfnodeparttwobox=\box83
\pgfnodepartthreebox=\box84
\pgfnodepartfourbox=\box85
\pgfnodeparttwentybox=\box86
\pgfnodepartnineteenbox=\box87
\pgfnodeparteighteenbox=\box88
\pgfnodepartseventeenbox=\box89
\pgfnodepartsixteenbox=\box90
\pgfnodepartfifteenbox=\box91
\pgfnodepartfourteenbox=\box92
\pgfnodepartthirteenbox=\box93
\pgfnodeparttwelvebox=\box94
\pgfnodepartelevenbox=\box95
\pgfnodeparttenbox=\box96
\pgfnodepartninebox=\box97
\pgfnodeparteightbox=\box98
\pgfnodepartsevenbox=\box99
\pgfnodepartsixbox=\box100
\pgfnodepartfivebox=\box101
)))
(/usr/local/texlive/2026/texmf-dist/tex/generic/pgf/frontendlayer/tikz/librarie
s/tikzlibraryarrows.code.tex
File: tikzlibraryarrows.code.tex 2025-08-29 v3.1.11a (3.1.11a)

(/usr/local/texlive/2026/texmf-dist/tex/generic/pgf/libraries/pgflibraryarrows.
code.tex
File: pgflibraryarrows.code.tex 2025-08-29 v3.1.11a (3.1.11a)
\arrowsize=\dimen324
))
(/usr/local/texlive/2026/texmf-dist/tex/generic/pgf/frontendlayer/tikz/librarie
s/tikzlibrarypositioning.code.tex
File: tikzlibrarypositioning.code.tex 2025-08-29 v3.1.11a (3.1.11a)
)
(/usr/local/texlive/2026/texmf-dist/tex/generic/pgf/frontendlayer/tikz/librarie
s/tikzlibrarycalc.code.tex
File: tikzlibrarycalc.code.tex 2025-08-29 v3.1.11a (3.1.11a)
)
(/usr/local/texlive/2026/texmf-dist/tex/generic/pgf/frontendlayer/tikz/librarie
s/tikzlibraryfit.code.tex
File: tikzlibraryfit.code.tex 2025-08-29 v3.1.11a (3.1.11a)
)
(/usr/local/texlive/2026/texmf-dist/tex/generic/pgf/frontendlayer/tikz/librarie
s/tikzlibrarybackgrounds.code.tex
File: tikzlibrarybackgrounds.code.tex 2025-08-29 v3.1.11a (3.1.11a)
\pgf@layerbox@background=\box102
\pgf@layerboxsaved@background=\box103
)
(/usr/local/texlive/2026/texmf-dist/tex/latex/cleveref/cleveref.sty
Package: cleveref 2018/03/27 v0.21.4 Intelligent cross-referencing
Package cleveref Info: `hyperref' support loaded on input line 2370.
LaTeX Info: Redefining \cref on input line 2370.
LaTeX Info: Redefining \Cref on input line 2370.
LaTeX Info: Redefining \crefrange on input line 2370.
LaTeX Info: Redefining \Crefrange on input line 2370.
LaTeX Info: Redefining \cpageref on input line 2370.
LaTeX Info: Redefining \Cpageref on input line 2370.
LaTeX Info: Redefining \cpagerefrange on input line 2370.
LaTeX Info: Redefining \Cpagerefrange on input line 2370.
LaTeX Info: Redefining \labelcref on input line 2370.
LaTeX Info: Redefining \labelcpageref on input line 2370.
Package cleveref Info: `amsthm' support loaded on input line 3026.
Package cleveref Info: `algorithmicx' support loaded on input line 3120.
Package cleveref Info: always capitalise cross-reference names on input line 78
25.
Package cleveref Info: include cross-reference names in hyperlinks on input lin
e 7836.
Package cleveref Info: always capitalise cross-reference names on input line 78
52.
Package cleveref Info: no abbreviation of names on input line 7852.
Package cleveref Info: include cross-reference names in hyperlinks on input lin
e 7852.
)
==> First Aid for cleveref.sty applied!
\c@definition=\count389
\c@theorem=\count390
\c@property=\count391
\c@axiom=\count392
(/usr/local/texlive/2026/texmf-dist/tex/latex/listings/listings.sty
\lst@mode=\count393
\lst@gtempboxa=\box104
\lst@token=\toks54
\lst@length=\count394
\lst@currlwidth=\dimen325
\lst@column=\count395
\lst@pos=\count396
\lst@lostspace=\dimen326
\lst@width=\dimen327
\lst@newlines=\count397
\lst@lineno=\count398
\lst@maxwidth=\dimen328

(/usr/local/texlive/2026/texmf-dist/tex/latex/listings/lstpatch.sty
File: lstpatch.sty 2025/11/14 1.11b (Carsten Heinz)
)
(/usr/local/texlive/2026/texmf-dist/tex/latex/listings/lstmisc.sty
File: lstmisc.sty 2025/11/14 1.11b (Carsten Heinz)
\c@lstnumber=\count399
\lst@skipnumbers=\count400
\lst@framebox=\box105
)
(/usr/local/texlive/2026/texmf-dist/tex/latex/listings/listings.cfg
File: listings.cfg 2025/11/14 1.11b listings configuration
))
Package: listings 2025/11/14 1.11b (Carsten Heinz)

==> First Aid for listings.sty no longer applied!
    Expected:
        2024/09/23 1.10c (Carsten Heinz)
    but found:
        2025/11/14 1.11b (Carsten Heinz)
    so I'm assuming it got fixed.
(/usr/local/texlive/2026/texmf-dist/tex/latex/geometry/geometry.sty
Package: geometry 2026/03/07 v6.0 Page Geometry

(/usr/local/texlive/2026/texmf-dist/tex/generic/iftex/ifvtex.sty
Package: ifvtex 2019/10/25 v1.7 ifvtex legacy package. Use iftex instead.
)
\Gm@cnth=\count401
\Gm@cntv=\count402
\c@Gm@tempcnt=\count403
\Gm@bindingoffset=\dimen329
\Gm@wd@mp=\dimen330
\Gm@odd@mp=\dimen331
\Gm@even@mp=\dimen332
\Gm@layoutwidth=\dimen333
\Gm@layoutheight=\dimen334
\Gm@layouthoffset=\dimen335
\Gm@layoutvoffset=\dimen336
\Gm@dimlist=\toks55
)
Package hyperref Info: Option `colorlinks' set `true' on input line 286.

(/usr/local/texlive/2026/texmf-dist/tex/latex/tocloft/tocloft.sty
Package: tocloft 2017/08/31 v2.3i parameterised ToC, etc., typesetting
Package tocloft Info: The document has section divisions on input line 51.
\cftparskip=\skip76
\cftbeforetoctitleskip=\skip77
\cftaftertoctitleskip=\skip78
\cftbeforepartskip=\skip79
\cftpartnumwidth=\skip80
\cftpartindent=\skip81
\cftbeforesecskip=\skip82
\cftsecindent=\skip83
\cftsecnumwidth=\skip84
\cftbeforesubsecskip=\skip85
\cftsubsecindent=\skip86
\cftsubsecnumwidth=\skip87
\cftbeforesubsubsecskip=\skip88
\cftsubsubsecindent=\skip89
\cftsubsubsecnumwidth=\skip90
\cftbeforeparaskip=\skip91
\cftparaindent=\skip92
\cftparanumwidth=\skip93
\cftbeforesubparaskip=\skip94
\cftsubparaindent=\skip95
\cftsubparanumwidth=\skip96
\cftbeforeloftitleskip=\skip97
\cftafterloftitleskip=\skip98
\cftbeforefigskip=\skip99
\cftfigindent=\skip100
\cftfignumwidth=\skip101
\c@lofdepth=\count404
\c@lotdepth=\count405
\cftbeforelottitleskip=\skip102
\cftafterlottitleskip=\skip103
\cftbeforetabskip=\skip104
\cfttabindent=\skip105
\cfttabnumwidth=\skip106


Package tocloft Warning: \@starttoc has already been redefined; tocloft bailing
 out. on input line 1156.

)

! LaTeX Error: Missing \begin{document}.

See the LaTeX manual or LaTeX Companion for explanation.
Type  H <return>  for immediate help.
 ...

l.290 \listoffigures

You're in trouble here.  Try typing  <return>  to proceed.
If that doesn't work, type  X <return>  to quit.


! LaTeX Error: Missing \begin{document}.

See the LaTeX manual or LaTeX Companion for explanation.
Type  H <return>  for immediate help.
 ...

l.290 \listoffigures

You're in trouble here.  Try typing  <return>  to proceed.
If that doesn't work, type  X <return>  to quit.

(./_combined_manuscript.lof
! Undefined control sequence.
<recently read> \Hy@colorlink

l.1 ...ing detectability.}}{22}{figure.caption.12}
                                                  %
The control sequence at the end of the top line
of your error message was never \def'ed. If you have
misspelled it (e.g., `\hobx'), type `I' and the correct
spelling (e.g., `I\hbox'). Otherwise just continue,
and I'll forget about whatever was undefined.

LaTeX Font Info:    Trying to load font information for U+msa on input line 1.
(/usr/local/texlive/2026/texmf-dist/tex/latex/amsfonts/umsa.fd
File: umsa.fd 2013/01/14 v3.01 AMS symbols A
)
LaTeX Font Info:    Trying to load font information for U+msb on input line 1.

(/usr/local/texlive/2026/texmf-dist/tex/latex/amsfonts/umsb.fd
File: umsb.fd 2013/01/14 v3.01 AMS symbols B
)
! Undefined control sequence.
<argument> ...ized by adversary class \(\mitOmega
                                                  _1\)--\(\mitOmega _5\) wit...
l.1 ...ing detectability.}}{22}{figure.caption.12}
                                                  %
The control sequence at the end of the top line
of your error message was never \def'ed. If you have
misspelled it (e.g., `\hobx'), type `I' and the correct
spelling (e.g., `I\hbox'). Otherwise just continue,
and I'll forget about whatever was undefined.

! Undefined control sequence.
<argument> ...class \(\mitOmega _1\)--\(\mitOmega
                                                  _5\) with increasing capab...
l.1 ...ing detectability.}}{22}{figure.caption.12}
                                                  %
The control sequence at the end of the top line
of your error message was never \def'ed. If you have
misspelled it (e.g., `\hobx'), type `I' and the correct
spelling (e.g., `I\hbox'). Otherwise just continue,
and I'll forget about whatever was undefined.

! Undefined control sequence.
\Hy@EndAnnot ...AnnotLevel}=\@ne \Hy@endcolorlink
                                                  \@pdfm@mark {eann}\fi \glo...
l.1 ...ing detectability.}}{22}{figure.caption.12}
                                                  %
The control sequence at the end of the top line
of your error message was never \def'ed. If you have
misspelled it (e.g., `\hobx'), type `I' and the correct
spelling (e.g., `I\hbox'). Otherwise just continue,
and I'll forget about whatever was undefined.

! Undefined control sequence.
<recently read> \Hy@colorlink

l.2 ...hardest to detect.}}{23}{figure.caption.13}
                                                  %
The control sequence at the end of the top line
of your error message was never \def'ed. If you have
misspelled it (e.g., `\hobx'), type `I' and the correct
spelling (e.g., `I\hbox'). Otherwise just continue,
and I'll forget about whatever was undefined.

! Undefined control sequence.
<argument> ...ity---external attacks (\(\mitOmega
                                                  _1\)) are most detectable ...
l.2 ...hardest to detect.}}{23}{figure.caption.13}
                                                  %
The control sequence at the end of the top line
of your error message was never \def'ed. If you have
misspelled it (e.g., `\hobx'), type `I' and the correct
spelling (e.g., `I\hbox'). Otherwise just continue,
and I'll forget about whatever was undefined.

! Undefined control sequence.
<argument> ...while systemic attacks (\(\mitOmega
                                                  _5\)) are hardest to detec...
l.2 ...hardest to detect.}}{23}{figure.caption.13}
                                                  %
The control sequence at the end of the top line
of your error message was never \def'ed. If you have
misspelled it (e.g., `\hobx'), type `I' and the correct
spelling (e.g., `I\hbox'). Otherwise just continue,
and I'll forget about whatever was undefined.

! Undefined control sequence.
\Hy@EndAnnot ...AnnotLevel}=\@ne \Hy@endcolorlink
                                                  \@pdfm@mark {eann}\fi \glo...
l.2 ...hardest to detect.}}{23}{figure.caption.13}
                                                  %
The control sequence at the end of the top line
of your error message was never \def'ed. If you have
misspelled it (e.g., `\hobx'), type `I' and the correct
spelling (e.g., `I\hbox'). Otherwise just continue,
and I'll forget about whatever was undefined.

! Undefined control sequence.
<recently read> \Hy@colorlink

l.3 ...ts at activation).}}{25}{figure.caption.14}
                                                  %
The control sequence at the end of the top line
of your error message was never \def'ed. If you have
misspelled it (e.g., `\hobx'), type `I' and the correct
spelling (e.g., `I\hbox'). Otherwise just continue,
and I'll forget about whatever was undefined.

! Undefined control sequence.
\Hy@EndAnnot ...AnnotLevel}=\@ne \Hy@endcolorlink
                                                  \@pdfm@mark {eann}\fi \glo...
l.3 ...ts at activation).}}{25}{figure.caption.14}
                                                  %
The control sequence at the end of the top line
of your error message was never \def'ed. If you have
misspelled it (e.g., `\hobx'), type `I' and the correct
spelling (e.g., `I\hbox'). Otherwise just continue,
and I'll forget about whatever was undefined.

! Undefined control sequence.
<recently read> \Hy@colorlink

l.4 ...estrator control).}}{29}{figure.caption.17}
                                                  %
The control sequence at the end of the top line
of your error message was never \def'ed. If you have
misspelled it (e.g., `\hobx'), type `I' and the correct
spelling (e.g., `I\hbox'). Otherwise just continue,
and I'll forget about whatever was undefined.

! Undefined control sequence.
<argument> ... each adversary class---\(\mitOmega
                                                  _1\) (user input), \(\mitO...
l.4 ...estrator control).}}{29}{figure.caption.17}
                                                  %
The control sequence at the end of the top line
of your error message was never \def'ed. If you have
misspelled it (e.g., `\hobx'), type `I' and the correct
spelling (e.g., `I\hbox'). Otherwise just continue,
and I'll forget about whatever was undefined.

! Undefined control sequence.
<argument> ...mega _1\) (user input), \(\mitOmega
                                                  _2\) (tool/API), \(\mitOme...
l.4 ...estrator control).}}{29}{figure.caption.17}
                                                  %
The control sequence at the end of the top line
of your error message was never \def'ed. If you have
misspelled it (e.g., `\hobx'), type `I' and the correct
spelling (e.g., `I\hbox'). Otherwise just continue,
and I'll forget about whatever was undefined.

! Undefined control sequence.
<argument> ...tOmega _2\) (tool/API), \(\mitOmega
                                                  _3\) (agent compromise), \...
l.4 ...estrator control).}}{29}{figure.caption.17}
                                                  %
The control sequence at the end of the top line
of your error message was never \def'ed. If you have
misspelled it (e.g., `\hobx'), type `I' and the correct
spelling (e.g., `I\hbox'). Otherwise just continue,
and I'll forget about whatever was undefined.

! Undefined control sequence.
<argument> ...3\) (agent compromise), \(\mitOmega
                                                  _4\) (inter-agent communic...
l.4 ...estrator control).}}{29}{figure.caption.17}
                                                  %
The control sequence at the end of the top line
of your error message was never \def'ed. If you have
misspelled it (e.g., `\hobx'), type `I' and the correct
spelling (e.g., `I\hbox'). Otherwise just continue,
and I'll forget about whatever was undefined.

! Undefined control sequence.
<argument> ...ent communication), and \(\mitOmega
                                                  _5\) (orchestrator control...
l.4 ...estrator control).}}{29}{figure.caption.17}
                                                  %
The control sequence at the end of the top line
of your error message was never \def'ed. If you have
misspelled it (e.g., `\hobx'), type `I' and the correct
spelling (e.g., `I\hbox'). Otherwise just continue,
and I'll forget about whatever was undefined.

! Undefined control sequence.
\Hy@EndAnnot ...AnnotLevel}=\@ne \Hy@endcolorlink
                                                  \@pdfm@mark {eann}\fi \glo...
l.4 ...estrator control).}}{29}{figure.caption.17}
                                                  %
The control sequence at the end of the top line
of your error message was never \def'ed. If you have
misspelled it (e.g., `\hobx'), type `I' and the correct
spelling (e.g., `I\hbox'). Otherwise just continue,
and I'll forget about whatever was undefined.


Underfull \hbox (badness 2111) in paragraph at lines 4--4
 [][] []\TU/lmr/m/n/10 red[]Attack Surface Visualization: Hierarchical agent st
ruc-
 []


Underfull \hbox (badness 1033) in paragraph at lines 4--4
 \TU/lmr/m/n/10 input), $[]$ (tool/API), $[]$ (agent compromise), $[]$ (inter-a
gent
 []

! Undefined control sequence.
<recently read> \Hy@colorlink

l.5 ...archical topology.}}{33}{figure.caption.20}
                                                  %
The control sequence at the end of the top line
of your error message was never \def'ed. If you have
misspelled it (e.g., `\hobx'), type `I' and the correct
spelling (e.g., `I\hbox'). Otherwise just continue,
and I'll forget about whatever was undefined.

! Undefined control sequence.
\Hy@EndAnnot ...AnnotLevel}=\@ne \Hy@endcolorlink
                                                  \@pdfm@mark {eann}\fi \glo...
l.5 ...archical topology.}}{33}{figure.caption.20}
                                                  %
The control sequence at the end of the top line
of your error message was never \def'ed. If you have
misspelled it (e.g., `\hobx'), type `I' and the correct
spelling (e.g., `I\hbox'). Otherwise just continue,
and I'll forget about whatever was undefined.

! Undefined control sequence.
<recently read> \Hy@colorlink

l.6 ...ployment context.}}}{35}{figure.caption.22}
                                                  %
The control sequence at the end of the top line
of your error message was never \def'ed. If you have
misspelled it (e.g., `\hobx'), type `I' and the correct
spelling (e.g., `I\hbox'). Otherwise just continue,
and I'll forget about whatever was undefined.

! Undefined control sequence.
<argument> ...{T}_{\text {del}}^{(d)} = \mitdelta
                                                  ^d \cdot \symcal {T}_{i \t...
l.6 ...ployment context.}}}{35}{figure.caption.22}
                                                  %
The control sequence at the end of the top line
of your error message was never \def'ed. If you have
misspelled it (e.g., `\hobx'), type `I' and the correct
spelling (e.g., `I\hbox'). Otherwise just continue,
and I'll forget about whatever was undefined.

! Undefined control sequence.
<recently read> \mitdelta

l.6 ...ployment context.}}}{35}{figure.caption.22}
                                                  %
The control sequence at the end of the top line
of your error message was never \def'ed. If you have
misspelled it (e.g., `\hobx'), type `I' and the correct
spelling (e.g., `I\hbox'). Otherwise just continue,
and I'll forget about whatever was undefined.

! Undefined control sequence.
<recently read> \mitdelta

l.6 ...ployment context.}}}{35}{figure.caption.22}
                                                  %
The control sequence at the end of the top line
of your error message was never \def'ed. If you have
misspelled it (e.g., `\hobx'), type `I' and the correct
spelling (e.g., `I\hbox'). Otherwise just continue,
and I'll forget about whatever was undefined.

! Undefined control sequence.
<recently read> \mittau

l.6 ...ployment context.}}}{35}{figure.caption.22}
                                                  %
The control sequence at the end of the top line
of your error message was never \def'ed. If you have
misspelled it (e.g., `\hobx'), type `I' and the correct
spelling (e.g., `I\hbox'). Otherwise just continue,
and I'll forget about whatever was undefined.

! Undefined control sequence.
<recently read> \mittau

l.6 ...ployment context.}}}{35}{figure.caption.22}
                                                  %
The control sequence at the end of the top line
of your error message was never \def'ed. If you have
misspelled it (e.g., `\hobx'), type `I' and the correct
spelling (e.g., `I\hbox'). Otherwise just continue,
and I'll forget about whatever was undefined.

! Undefined control sequence.
\Hy@EndAnnot ...AnnotLevel}=\@ne \Hy@endcolorlink
                                                  \@pdfm@mark {eann}\fi \glo...
l.6 ...ployment context.}}}{35}{figure.caption.22}
                                                  %
The control sequence at the end of the top line
of your error message was never \def'ed. If you have
misspelled it (e.g., `\hobx'), type `I' and the correct
spelling (e.g., `I\hbox'). Otherwise just continue,
and I'll forget about whatever was undefined.

! Undefined control sequence.
<recently read> \Hy@colorlink

l.7 ...delegation chains.}}{36}{figure.caption.23}
                                                  %
The control sequence at the end of the top line
of your error message was never \def'ed. If you have
misspelled it (e.g., `\hobx'), type `I' and the correct
spelling (e.g., `I\hbox'). Otherwise just continue,
and I'll forget about whatever was undefined.

! Undefined control sequence.
<argument> ... $\symcal {T}_{i \to k} = \mitdelta
                                                  \cdot \min (\symcal {T}_{i...
l.7 ...delegation chains.}}{36}{figure.caption.23}
                                                  %
The control sequence at the end of the top line
of your error message was never \def'ed. If you have
misspelled it (e.g., `\hobx'), type `I' and the correct
spelling (e.g., `I\hbox'). Otherwise just continue,
and I'll forget about whatever was undefined.

! Undefined control sequence.
\Hy@EndAnnot ...AnnotLevel}=\@ne \Hy@endcolorlink
                                                  \@pdfm@mark {eann}\fi \glo...
l.7 ...delegation chains.}}{36}{figure.caption.23}
                                                  %
The control sequence at the end of the top line
of your error message was never \def'ed. If you have
misspelled it (e.g., `\hobx'), type `I' and the correct
spelling (e.g., `I\hbox'). Otherwise just continue,
and I'll forget about whatever was undefined.


Underfull \hbox (badness 1142) in paragraph at lines 7--7
 [][] []\TU/lmr/m/n/10 red[]Trust Calculus Comprehensive: Complete trust calcul
us
 []


Underfull \hbox (badness 1895) in paragraph at lines 7--7
 \TU/lmr/m/n/10 experience, reputation, recommendation), decay mechanics,
 []


Underfull \hbox (badness 1371) in paragraph at lines 7--7
 \TU/lmr/m/n/10 and the no-amplification invariant. The composition rule
 []

! Undefined control sequence.
<recently read> \Hy@colorlink

l.8 ...ovenance tracking.}}{41}{figure.caption.26}
                                                  %
The control sequence at the end of the top line
of your error message was never \def'ed. If you have
misspelled it (e.g., `\hobx'), type `I' and the correct
spelling (e.g., `I\hbox'). Otherwise just continue,
and I'll forget about whatever was undefined.

! Undefined control sequence.
\Hy@EndAnnot ...AnnotLevel}=\@ne \Hy@endcolorlink
                                                  \@pdfm@mark {eann}\fi \glo...
l.8 ...ovenance tracking.}}{41}{figure.caption.26}
                                                  %
The control sequence at the end of the top line
of your error message was never \def'ed. If you have
misspelled it (e.g., `\hobx'), type `I' and the correct
spelling (e.g., `I\hbox'). Otherwise just continue,
and I'll forget about whatever was undefined.


Overfull \hbox (3.89398pt too wide) in paragraph at lines 8--8
 [][] []\TU/lmr/m/n/10 red[]CIF Architecture Overview: Three-layer defense arch
itecture—
 []

! Undefined control sequence.
<recently read> \Hy@colorlink

l.9 ...layered-defense}).}}{42}{figure.caption.27}
                                                  %
The control sequence at the end of the top line
of your error message was never \def'ed. If you have
misspelled it (e.g., `\hobx'), type `I' and the correct
spelling (e.g., `I\hbox'). Otherwise just continue,
and I'll forget about whatever was undefined.

! Undefined control sequence.
<recently read> \mitOmega

l.9 ...layered-defense}).}}{42}{figure.caption.27}
                                                  %
The control sequence at the end of the top line
of your error message was never \def'ed. If you have
misspelled it (e.g., `\hobx'), type `I' and the correct
spelling (e.g., `I\hbox'). Otherwise just continue,
and I'll forget about whatever was undefined.

! Undefined control sequence.
<recently read> \mitOmega

l.9 ...layered-defense}).}}{42}{figure.caption.27}
                                                  %
The control sequence at the end of the top line
of your error message was never \def'ed. If you have
misspelled it (e.g., `\hobx'), type `I' and the correct
spelling (e.g., `I\hbox'). Otherwise just continue,
and I'll forget about whatever was undefined.


LaTeX Warning: Reference `cor:layered-defense' on page 1 undefined on input lin
e 9.

! Undefined control sequence.
\Hy@EndAnnot ...AnnotLevel}=\@ne \Hy@endcolorlink
                                                  \@pdfm@mark {eann}\fi \glo...
l.9 ...layered-defense}).}}{42}{figure.caption.27}
                                                  %
The control sequence at the end of the top line
of your error message was never \def'ed. If you have
misspelled it (e.g., `\hobx'), type `I' and the correct
spelling (e.g., `I\hbox'). Otherwise just continue,
and I'll forget about whatever was undefined.


Underfull \hbox (badness 1147) in paragraph at lines 9--9
 [][] []\TU/lmr/m/n/10 red[]Comprehensive CIF Architecture: Extended architectu
re
 []

! Undefined control sequence.
<recently read> \Hy@colorlink

l.10 ...iagonal coupling.}}{42}{figure.caption.28}
                                                  %
The control sequence at the end of the top line
of your error message was never \def'ed. If you have
misspelled it (e.g., `\hobx'), type `I' and the correct
spelling (e.g., `I\hbox'). Otherwise just continue,
and I'll forget about whatever was undefined.

! Undefined control sequence.
\Hy@EndAnnot ...AnnotLevel}=\@ne \Hy@endcolorlink
                                                  \@pdfm@mark {eann}\fi \glo...
l.10 ...iagonal coupling.}}{42}{figure.caption.28}
                                                  %
The control sequence at the end of the top line
of your error message was never \def'ed. If you have
misspelled it (e.g., `\hobx'), type `I' and the correct
spelling (e.g., `I\hbox'). Otherwise just continue,
and I'll forget about whatever was undefined.


Underfull \hbox (badness 1558) in paragraph at lines 10--10
 [][] []\TU/lmr/m/n/10 red[]CIF-AD action–delegation coupling matrix showing ho
w
 []

! Undefined control sequence.
<recently read> \Hy@colorlink

l.11 ...s latency budget.}}{43}{figure.caption.31}
                                                  %
The control sequence at the end of the top line
of your error message was never \def'ed. If you have
misspelled it (e.g., `\hobx'), type `I' and the correct
spelling (e.g., `I\hbox'). Otherwise just continue,
and I'll forget about whatever was undefined.

! Undefined control sequence.
\Hy@EndAnnot ...AnnotLevel}=\@ne \Hy@endcolorlink
                                                  \@pdfm@mark {eann}\fi \glo...
l.11 ...s latency budget.}}{43}{figure.caption.31}
                                                  %
The control sequence at the end of the top line
of your error message was never \def'ed. If you have
misspelled it (e.g., `\hobx'), type `I' and the correct
spelling (e.g., `I\hbox'). Otherwise just continue,
and I'll forget about whatever was undefined.

! Undefined control sequence.
<recently read> \Hy@colorlink

l.12 ...dbox Architecture}}{50}{figure.caption.37}
                                                  %
The control sequence at the end of the top line
of your error message was never \def'ed. If you have
misspelled it (e.g., `\hobx'), type `I' and the correct
spelling (e.g., `I\hbox'). Otherwise just continue,
and I'll forget about whatever was undefined.

! Undefined control sequence.
\Hy@EndAnnot ...AnnotLevel}=\@ne \Hy@endcolorlink
                                                  \@pdfm@mark {eann}\fi \glo...
l.12 ...dbox Architecture}}{50}{figure.caption.37}
                                                  %
The control sequence at the end of the top line
of your error message was never \def'ed. If you have
misspelled it (e.g., `\hobx'), type `I' and the correct
spelling (e.g., `I\hbox'). Otherwise just continue,
and I'll forget about whatever was undefined.

! Undefined control sequence.
<recently read> \Hy@colorlink

l.13 ...ported in Part 2.}}{52}{figure.caption.39}
                                                  %
The control sequence at the end of the top line
of your error message was never \def'ed. If you have
misspelled it (e.g., `\hobx'), type `I' and the correct
spelling (e.g., `I\hbox'). Otherwise just continue,
and I'll forget about whatever was undefined.

! Undefined control sequence.
\Hy@EndAnnot ...AnnotLevel}=\@ne \Hy@endcolorlink
                                                  \@pdfm@mark {eann}\fi \glo...
l.13 ...ported in Part 2.}}{52}{figure.caption.39}
                                                  %
The control sequence at the end of the top line
of your error message was never \def'ed. If you have
misspelled it (e.g., `\hobx'), type `I' and the correct
spelling (e.g., `I\hbox'). Otherwise just continue,
and I'll forget about whatever was undefined.

! Undefined control sequence.
<recently read> \Hy@colorlink

l.14 ...nisms contribute.}}{54}{figure.caption.44}
                                                  %
The control sequence at the end of the top line
of your error message was never \def'ed. If you have
misspelled it (e.g., `\hobx'), type `I' and the correct
spelling (e.g., `I\hbox'). Otherwise just continue,
and I'll forget about whatever was undefined.

! Undefined control sequence.
\Hy@EndAnnot ...AnnotLevel}=\@ne \Hy@endcolorlink
                                                  \@pdfm@mark {eann}\fi \glo...
l.14 ...nisms contribute.}}{54}{figure.caption.44}
                                                  %
The control sequence at the end of the top line
of your error message was never \def'ed. If you have
misspelled it (e.g., `\hobx'), type `I' and the correct
spelling (e.g., `I\hbox'). Otherwise just continue,
and I'll forget about whatever was undefined.

! Undefined control sequence.
<recently read> \Hy@colorlink

l.15 ...al measurements).}}{60}{figure.caption.47}
                                                  %
The control sequence at the end of the top line
of your error message was never \def'ed. If you have
misspelled it (e.g., `\hobx'), type `I' and the correct
spelling (e.g., `I\hbox'). Otherwise just continue,
and I'll forget about whatever was undefined.

! Undefined control sequence.
\Hy@EndAnnot ...AnnotLevel}=\@ne \Hy@endcolorlink
                                                  \@pdfm@mark {eann}\fi \glo...
l.15 ...al measurements).}}{60}{figure.caption.47}
                                                  %
The control sequence at the end of the top line
of your error message was never \def'ed. If you have
misspelled it (e.g., `\hobx'), type `I' and the correct
spelling (e.g., `I\hbox'). Otherwise just continue,
and I'll forget about whatever was undefined.

! Undefined control sequence.
<recently read> \Hy@colorlink

l.16 ...ositive tradeoff.}}{63}{figure.caption.50}
                                                  %
The control sequence at the end of the top line
of your error message was never \def'ed. If you have
misspelled it (e.g., `\hobx'), type `I' and the correct
spelling (e.g., `I\hbox'). Otherwise just continue,
and I'll forget about whatever was undefined.

! Undefined control sequence.
\Hy@EndAnnot ...AnnotLevel}=\@ne \Hy@endcolorlink
                                                  \@pdfm@mark {eann}\fi \glo...
l.16 ...ositive tradeoff.}}{63}{figure.caption.50}
                                                  %
The control sequence at the end of the top line
of your error message was never \def'ed. If you have
misspelled it (e.g., `\hobx'), type `I' and the correct
spelling (e.g., `I\hbox'). Otherwise just continue,
and I'll forget about whatever was undefined.


Underfull \hbox (badness 5622) in paragraph at lines 16--16
 [][] []\TU/lmr/m/n/10 red[]False-positive mitigation (illustrative schematic):
 how
 []

! Undefined control sequence.
<recently read> \Hy@colorlink

l.17 ...ported in Part 2.}}{67}{figure.caption.55}
                                                  %
The control sequence at the end of the top line
of your error message was never \def'ed. If you have
misspelled it (e.g., `\hobx'), type `I' and the correct
spelling (e.g., `I\hbox'). Otherwise just continue,
and I'll forget about whatever was undefined.

! Undefined control sequence.
\Hy@EndAnnot ...AnnotLevel}=\@ne \Hy@endcolorlink
                                                  \@pdfm@mark {eann}\fi \glo...
l.17 ...ported in Part 2.}}{67}{figure.caption.55}
                                                  %
The control sequence at the end of the top line
of your error message was never \def'ed. If you have
misspelled it (e.g., `\hobx'), type `I' and the correct
spelling (e.g., `I\hbox'). Otherwise just continue,
and I'll forget about whatever was undefined.

)
\tf@lof=\write5
\openout5 = `_combined_manuscript.lof'.


! Undefined control sequence.
\set@color ->\special {color push \current@color
                                                 }\aftergroup \reset@color
l.291 \listoftables

The control sequence at the end of the top line
of your error message was never \def'ed. If you have
misspelled it (e.g., `\hobx'), type `I' and the correct
spelling (e.g., `I\hbox'). Otherwise just continue,
and I'll forget about whatever was undefined.

! Undefined control sequence.
\set@color ->\special {color push \current@color
                                                 }\aftergroup \reset@color
l.291 \listoftables

The control sequence at the end of the top line
of your error message was never \def'ed. If you have
misspelled it (e.g., `\hobx'), type `I' and the correct
spelling (e.g., `I\hbox'). Otherwise just continue,
and I'll forget about whatever was undefined.

\HyPL@Entry{0<</S/D>>}
[1

] (./_combined_manuscript.lot
! Undefined control sequence.
<recently read> \Hy@colorlink

l.1 ...ary attack surfaces.}}{10}{table.caption.5}
                                                  %
The control sequence at the end of the top line
of your error message was never \def'ed. If you have
misspelled it (e.g., `\hobx'), type `I' and the correct
spelling (e.g., `I\hbox'). Otherwise just continue,
and I'll forget about whatever was undefined.

! Undefined control sequence.
\Hy@EndAnnot ...AnnotLevel}=\@ne \Hy@endcolorlink
                                                  \@pdfm@mark {eann}\fi \glo...
l.1 ...ary attack surfaces.}}{10}{table.caption.5}
                                                  %
The control sequence at the end of the top line
of your error message was never \def'ed. If you have
misspelled it (e.g., `\hobx'), type `I' and the correct
spelling (e.g., `I\hbox'). Otherwise just continue,
and I'll forget about whatever was undefined.

! Undefined control sequence.
<recently read> \Hy@colorlink

l.2 ... Paradigm Comparison}}{13}{table.caption.6}
                                                  %
The control sequence at the end of the top line
of your error message was never \def'ed. If you have
misspelled it (e.g., `\hobx'), type `I' and the correct
spelling (e.g., `I\hbox'). Otherwise just continue,
and I'll forget about whatever was undefined.

! Undefined control sequence.
\Hy@EndAnnot ...AnnotLevel}=\@ne \Hy@endcolorlink
                                                  \@pdfm@mark {eann}\fi \glo...
l.2 ... Paradigm Comparison}}{13}{table.caption.6}
                                                  %
The control sequence at the end of the top line
of your error message was never \def'ed. If you have
misspelled it (e.g., `\hobx'), type `I' and the correct
spelling (e.g., `I\hbox'). Otherwise just continue,
and I'll forget about whatever was undefined.

! Undefined control sequence.
<recently read> \Hy@colorlink

l.3 ...ibling developments.}}{17}{table.caption.7}
                                                  %
The control sequence at the end of the top line
of your error message was never \def'ed. If you have
misspelled it (e.g., `\hobx'), type `I' and the correct
spelling (e.g., `I\hbox'). Otherwise just continue,
and I'll forget about whatever was undefined.

! Undefined control sequence.
\Hy@EndAnnot ...AnnotLevel}=\@ne \Hy@endcolorlink
                                                  \@pdfm@mark {eann}\fi \glo...
l.3 ...ibling developments.}}{17}{table.caption.7}
                                                  %
The control sequence at the end of the top line
of your error message was never \def'ed. If you have
misspelled it (e.g., `\hobx'), type `I' and the correct
spelling (e.g., `I\hbox'). Otherwise just continue,
and I'll forget about whatever was undefined.

! Undefined control sequence.
<recently read> \Hy@colorlink

l.4 ...evel and capability.}}{18}{table.caption.8}
                                                  %
The control sequence at the end of the top line
of your error message was never \def'ed. If you have
misspelled it (e.g., `\hobx'), type `I' and the correct
spelling (e.g., `I\hbox'). Otherwise just continue,
and I'll forget about whatever was undefined.

! Undefined control sequence.
\Hy@EndAnnot ...AnnotLevel}=\@ne \Hy@endcolorlink
                                                  \@pdfm@mark {eann}\fi \glo...
l.4 ...evel and capability.}}{18}{table.caption.8}
                                                  %
The control sequence at the end of the top line
of your error message was never \def'ed. If you have
misspelled it (e.g., `\hobx'), type `I' and the correct
spelling (e.g., `I\hbox'). Otherwise just continue,
and I'll forget about whatever was undefined.

! Undefined control sequence.
<recently read> \Hy@colorlink

l.5 ...k resource taxonomy.}}{20}{table.caption.9}
                                                  %
The control sequence at the end of the top line
of your error message was never \def'ed. If you have
misspelled it (e.g., `\hobx'), type `I' and the correct
spelling (e.g., `I\hbox'). Otherwise just continue,
and I'll forget about whatever was undefined.

! Undefined control sequence.
\Hy@EndAnnot ...AnnotLevel}=\@ne \Hy@endcolorlink
                                                  \@pdfm@mark {eann}\fi \glo...
l.5 ...k resource taxonomy.}}{20}{table.caption.9}
                                                  %
The control sequence at the end of the top line
of your error message was never \def'ed. If you have
misspelled it (e.g., `\hobx'), type `I' and the correct
spelling (e.g., `I\hbox'). Otherwise just continue,
and I'll forget about whatever was undefined.

! Undefined control sequence.
<recently read> \Hy@colorlink

l.6 ...by adversary class.}}{21}{table.caption.10}
                                                  %
The control sequence at the end of the top line
of your error message was never \def'ed. If you have
misspelled it (e.g., `\hobx'), type `I' and the correct
spelling (e.g., `I\hbox'). Otherwise just continue,
and I'll forget about whatever was undefined.

! Undefined control sequence.
\Hy@EndAnnot ...AnnotLevel}=\@ne \Hy@endcolorlink
                                                  \@pdfm@mark {eann}\fi \glo...
l.6 ...by adversary class.}}{21}{table.caption.10}
                                                  %
The control sequence at the end of the top line
of your error message was never \def'ed. If you have
misspelled it (e.g., `\hobx'), type `I' and the correct
spelling (e.g., `I\hbox'). Otherwise just continue,
and I'll forget about whatever was undefined.

! Undefined control sequence.
<recently read> \Hy@colorlink

l.7 ...by adversary class.}}{21}{table.caption.11}
                                                  %
The control sequence at the end of the top line
of your error message was never \def'ed. If you have
misspelled it (e.g., `\hobx'), type `I' and the correct
spelling (e.g., `I\hbox'). Otherwise just continue,
and I'll forget about whatever was undefined.

! Undefined control sequence.
\Hy@EndAnnot ...AnnotLevel}=\@ne \Hy@endcolorlink
                                                  \@pdfm@mark {eann}\fi \glo...
l.7 ...by adversary class.}}{21}{table.caption.11}
                                                  %
The control sequence at the end of the top line
of your error message was never \def'ed. If you have
misspelled it (e.g., `\hobx'), type `I' and the correct
spelling (e.g., `I\hbox'). Otherwise just continue,
and I'll forget about whatever was undefined.

! Undefined control sequence.
<recently read> \Hy@colorlink

l.8 ...nding CIF defenses.}}{27}{table.caption.15}
                                                  %
The control sequence at the end of the top line
of your error message was never \def'ed. If you have
misspelled it (e.g., `\hobx'), type `I' and the correct
spelling (e.g., `I\hbox'). Otherwise just continue,
and I'll forget about whatever was undefined.

! Undefined control sequence.
\Hy@EndAnnot ...AnnotLevel}=\@ne \Hy@endcolorlink
                                                  \@pdfm@mark {eann}\fi \glo...
l.8 ...nding CIF defenses.}}{27}{table.caption.15}
                                                  %
The control sequence at the end of the top line
of your error message was never \def'ed. If you have
misspelled it (e.g., `\hobx'), type `I' and the correct
spelling (e.g., `I\hbox'). Otherwise just continue,
and I'll forget about whatever was undefined.

! Undefined control sequence.
<recently read> \Hy@colorlink

l.9 ...ttack combinations.}}{27}{table.caption.16}
                                                  %
The control sequence at the end of the top line
of your error message was never \def'ed. If you have
misspelled it (e.g., `\hobx'), type `I' and the correct
spelling (e.g., `I\hbox'). Otherwise just continue,
and I'll forget about whatever was undefined.

! Undefined control sequence.
\Hy@EndAnnot ...AnnotLevel}=\@ne \Hy@endcolorlink
                                                  \@pdfm@mark {eann}\fi \glo...
l.9 ...ttack combinations.}}{27}{table.caption.16}
                                                  %
The control sequence at the end of the top line
of your error message was never \def'ed. If you have
misspelled it (e.g., `\hobx'), type `I' and the correct
spelling (e.g., `I\hbox'). Otherwise just continue,
and I'll forget about whatever was undefined.

! Undefined control sequence.
<recently read> \Hy@colorlink

l.10 ...tor $\symcal {O}$.}}{30}{table.caption.18}
                                                  %
The control sequence at the end of the top line
of your error message was never \def'ed. If you have
misspelled it (e.g., `\hobx'), type `I' and the correct
spelling (e.g., `I\hbox'). Otherwise just continue,
and I'll forget about whatever was undefined.

! Undefined control sequence.
\Hy@EndAnnot ...AnnotLevel}=\@ne \Hy@endcolorlink
                                                  \@pdfm@mark {eann}\fi \glo...
l.10 ...tor $\symcal {O}$.}}{30}{table.caption.18}
                                                  %
The control sequence at the end of the top line
of your error message was never \def'ed. If you have
misspelled it (e.g., `\hobx'), type `I' and the correct
spelling (e.g., `I\hbox'). Otherwise just continue,
and I'll forget about whatever was undefined.

! Undefined control sequence.
<recently read> \Hy@colorlink

l.11 ...s for agent $a_i$.}}{30}{table.caption.19}
                                                  %
The control sequence at the end of the top line
of your error message was never \def'ed. If you have
misspelled it (e.g., `\hobx'), type `I' and the correct
spelling (e.g., `I\hbox'). Otherwise just continue,
and I'll forget about whatever was undefined.

! Undefined control sequence.
\Hy@EndAnnot ...AnnotLevel}=\@ne \Hy@endcolorlink
                                                  \@pdfm@mark {eann}\fi \glo...
l.11 ...s for agent $a_i$.}}{30}{table.caption.19}
                                                  %
The control sequence at the end of the top line
of your error message was never \def'ed. If you have
misspelled it (e.g., `\hobx'), type `I' and the correct
spelling (e.g., `I\hbox'). Otherwise just continue,
and I'll forget about whatever was undefined.

! Undefined control sequence.
<recently read> \Hy@colorlink

l.12 ...nction components.}}{34}{table.caption.21}
                                                  %
The control sequence at the end of the top line
of your error message was never \def'ed. If you have
misspelled it (e.g., `\hobx'), type `I' and the correct
spelling (e.g., `I\hbox'). Otherwise just continue,
and I'll forget about whatever was undefined.

! Undefined control sequence.
\Hy@EndAnnot ...AnnotLevel}=\@ne \Hy@endcolorlink
                                                  \@pdfm@mark {eann}\fi \glo...
l.12 ...nction components.}}{34}{table.caption.21}
                                                  %
The control sequence at the end of the top line
of your error message was never \def'ed. If you have
misspelled it (e.g., `\hobx'), type `I' and the correct
spelling (e.g., `I\hbox'). Otherwise just continue,
and I'll forget about whatever was undefined.

! Undefined control sequence.
<recently read> \Hy@colorlink

l.13 ...liability factors.}}{37}{table.caption.24}
                                                  %
The control sequence at the end of the top line
of your error message was never \def'ed. If you have
misspelled it (e.g., `\hobx'), type `I' and the correct
spelling (e.g., `I\hbox'). Otherwise just continue,
and I'll forget about whatever was undefined.

! Undefined control sequence.
\Hy@EndAnnot ...AnnotLevel}=\@ne \Hy@endcolorlink
                                                  \@pdfm@mark {eann}\fi \glo...
l.13 ...liability factors.}}{37}{table.caption.24}
                                                  %
The control sequence at the end of the top line
of your error message was never \def'ed. If you have
misspelled it (e.g., `\hobx'), type `I' and the correct
spelling (e.g., `I\hbox'). Otherwise just continue,
and I'll forget about whatever was undefined.

! Undefined control sequence.
<recently read> \Hy@colorlink

l.14 ...ds by attack type.}}{40}{table.caption.25}
                                                  %
The control sequence at the end of the top line
of your error message was never \def'ed. If you have
misspelled it (e.g., `\hobx'), type `I' and the correct
spelling (e.g., `I\hbox'). Otherwise just continue,
and I'll forget about whatever was undefined.

! Undefined control sequence.
\Hy@EndAnnot ...AnnotLevel}=\@ne \Hy@endcolorlink
                                                  \@pdfm@mark {eann}\fi \glo...
l.14 ...ds by attack type.}}{40}{table.caption.25}
                                                  %
The control sequence at the end of the top line
of your error message was never \def'ed. If you have
misspelled it (e.g., `\hobx'), type `I' and the correct
spelling (e.g., `I\hbox'). Otherwise just continue,
and I'll forget about whatever was undefined.

! Undefined control sequence.
<recently read> \Hy@colorlink

l.15 ...ding CIF defenses.}}{41}{table.caption.29}
                                                  %
The control sequence at the end of the top line
of your error message was never \def'ed. If you have
misspelled it (e.g., `\hobx'), type `I' and the correct
spelling (e.g., `I\hbox'). Otherwise just continue,
and I'll forget about whatever was undefined.

! Undefined control sequence.
\Hy@EndAnnot ...AnnotLevel}=\@ne \Hy@endcolorlink
                                                  \@pdfm@mark {eann}\fi \glo...
l.15 ...ding CIF defenses.}}{41}{table.caption.29}
                                                  %
The control sequence at the end of the top line
of your error message was never \def'ed. If you have
misspelled it (e.g., `\hobx'), type `I' and the correct
spelling (e.g., `I\hbox'). Otherwise just continue,
and I'll forget about whatever was undefined.

! Undefined control sequence.
<recently read> \Hy@colorlink

l.16 ...s AD cycle phases.}}{43}{table.caption.30}
                                                  %
The control sequence at the end of the top line
of your error message was never \def'ed. If you have
misspelled it (e.g., `\hobx'), type `I' and the correct
spelling (e.g., `I\hbox'). Otherwise just continue,
and I'll forget about whatever was undefined.

! Undefined control sequence.
\Hy@EndAnnot ...AnnotLevel}=\@ne \Hy@endcolorlink
                                                  \@pdfm@mark {eann}\fi \glo...
l.16 ...s AD cycle phases.}}{43}{table.caption.30}
                                                  %
The control sequence at the end of the top line
of your error message was never \def'ed. If you have
misspelled it (e.g., `\hobx'), type `I' and the correct
spelling (e.g., `I\hbox'). Otherwise just continue,
and I'll forget about whatever was undefined.

! Undefined control sequence.
<recently read> \Hy@colorlink

l.17 ... and CIF defenses.}}{44}{table.caption.32}
                                                  %
The control sequence at the end of the top line
of your error message was never \def'ed. If you have
misspelled it (e.g., `\hobx'), type `I' and the correct
spelling (e.g., `I\hbox'). Otherwise just continue,
and I'll forget about whatever was undefined.

! Undefined control sequence.
\Hy@EndAnnot ...AnnotLevel}=\@ne \Hy@endcolorlink
                                                  \@pdfm@mark {eann}\fi \glo...
l.17 ... and CIF defenses.}}{44}{table.caption.32}
                                                  %
The control sequence at the end of the top line
of your error message was never \def'ed. If you have
misspelled it (e.g., `\hobx'), type `I' and the correct
spelling (e.g., `I\hbox'). Otherwise just continue,
and I'll forget about whatever was undefined.

! Undefined control sequence.
<recently read> \Hy@colorlink

l.18 ...sponse escalation.}}{47}{table.caption.33}
                                                  %
The control sequence at the end of the top line
of your error message was never \def'ed. If you have
misspelled it (e.g., `\hobx'), type `I' and the correct
spelling (e.g., `I\hbox'). Otherwise just continue,
and I'll forget about whatever was undefined.

! Undefined control sequence.
\Hy@EndAnnot ...AnnotLevel}=\@ne \Hy@endcolorlink
                                                  \@pdfm@mark {eann}\fi \glo...
l.18 ...sponse escalation.}}{47}{table.caption.33}
                                                  %
The control sequence at the end of the top line
of your error message was never \def'ed. If you have
misspelled it (e.g., `\hobx'), type `I' and the correct
spelling (e.g., `I\hbox'). Otherwise just continue,
and I'll forget about whatever was undefined.

! Undefined control sequence.
<recently read> \Hy@colorlink

l.19 ...ative guidelines).}}{47}{table.caption.34}
                                                  %
The control sequence at the end of the top line
of your error message was never \def'ed. If you have
misspelled it (e.g., `\hobx'), type `I' and the correct
spelling (e.g., `I\hbox'). Otherwise just continue,
and I'll forget about whatever was undefined.

! Undefined control sequence.
\Hy@EndAnnot ...AnnotLevel}=\@ne \Hy@endcolorlink
                                                  \@pdfm@mark {eann}\fi \glo...
l.19 ...ative guidelines).}}{47}{table.caption.34}
                                                  %
The control sequence at the end of the top line
of your error message was never \def'ed. If you have
misspelled it (e.g., `\hobx'), type `I' and the correct
spelling (e.g., `I\hbox'). Otherwise just continue,
and I'll forget about whatever was undefined.

! Undefined control sequence.
<recently read> \Hy@colorlink

l.20 ...Cognitive Security}}{48}{table.caption.35}
                                                  %
The control sequence at the end of the top line
of your error message was never \def'ed. If you have
misspelled it (e.g., `\hobx'), type `I' and the correct
spelling (e.g., `I\hbox'). Otherwise just continue,
and I'll forget about whatever was undefined.

! Undefined control sequence.
\Hy@EndAnnot ...AnnotLevel}=\@ne \Hy@endcolorlink
                                                  \@pdfm@mark {eann}\fi \glo...
l.20 ...Cognitive Security}}{48}{table.caption.35}
                                                  %
The control sequence at the end of the top line
of your error message was never \def'ed. If you have
misspelled it (e.g., `\hobx'), type `I' and the correct
spelling (e.g., `I\hbox'). Otherwise just continue,
and I'll forget about whatever was undefined.

! Undefined control sequence.
<recently read> \Hy@colorlink

l.21 ...tector components.}}{48}{table.caption.36}
                                                  %
The control sequence at the end of the top line
of your error message was never \def'ed. If you have
misspelled it (e.g., `\hobx'), type `I' and the correct
spelling (e.g., `I\hbox'). Otherwise just continue,
and I'll forget about whatever was undefined.

! Undefined control sequence.
\Hy@EndAnnot ...AnnotLevel}=\@ne \Hy@endcolorlink
                                                  \@pdfm@mark {eann}\fi \glo...
l.21 ...tector components.}}{48}{table.caption.36}
                                                  %
The control sequence at the end of the top line
of your error message was never \def'ed. If you have
misspelled it (e.g., `\hobx'), type `I' and the correct
spelling (e.g., `I\hbox'). Otherwise just continue,
and I'll forget about whatever was undefined.

! Undefined control sequence.
<recently read> \Hy@colorlink

l.22 ...detection targets.}}{50}{table.caption.38}
                                                  %
The control sequence at the end of the top line
of your error message was never \def'ed. If you have
misspelled it (e.g., `\hobx'), type `I' and the correct
spelling (e.g., `I\hbox'). Otherwise just continue,
and I'll forget about whatever was undefined.

! Undefined control sequence.
\Hy@EndAnnot ...AnnotLevel}=\@ne \Hy@endcolorlink
                                                  \@pdfm@mark {eann}\fi \glo...
l.22 ...detection targets.}}{50}{table.caption.38}
                                                  %
The control sequence at the end of the top line
of your error message was never \def'ed. If you have
misspelled it (e.g., `\hobx'), type `I' and the correct
spelling (e.g., `I\hbox'). Otherwise just continue,
and I'll forget about whatever was undefined.

! Undefined control sequence.
<recently read> \Hy@colorlink

l.23 ...d detection rates.}}{53}{table.caption.40}
                                                  %
The control sequence at the end of the top line
of your error message was never \def'ed. If you have
misspelled it (e.g., `\hobx'), type `I' and the correct
spelling (e.g., `I\hbox'). Otherwise just continue,
and I'll forget about whatever was undefined.

! Undefined control sequence.
\Hy@EndAnnot ...AnnotLevel}=\@ne \Hy@endcolorlink
                                                  \@pdfm@mark {eann}\fi \glo...
l.23 ...d detection rates.}}{53}{table.caption.40}
                                                  %
The control sequence at the end of the top line
of your error message was never \def'ed. If you have
misspelled it (e.g., `\hobx'), type `I' and the correct
spelling (e.g., `I\hbox'). Otherwise just continue,
and I'll forget about whatever was undefined.

! Undefined control sequence.
<recently read> \Hy@colorlink

l.24 ... model components.}}{53}{table.caption.41}
                                                  %
The control sequence at the end of the top line
of your error message was never \def'ed. If you have
misspelled it (e.g., `\hobx'), type `I' and the correct
spelling (e.g., `I\hbox'). Otherwise just continue,
and I'll forget about whatever was undefined.

! Undefined control sequence.
\Hy@EndAnnot ...AnnotLevel}=\@ne \Hy@endcolorlink
                                                  \@pdfm@mark {eann}\fi \glo...
l.24 ... model components.}}{53}{table.caption.41}
                                                  %
The control sequence at the end of the top line
of your error message was never \def'ed. If you have
misspelled it (e.g., `\hobx'), type `I' and the correct
spelling (e.g., `I\hbox'). Otherwise just continue,
and I'll forget about whatever was undefined.

! Undefined control sequence.
<recently read> \Hy@colorlink

l.25 ...defense mechanism.}}{55}{table.caption.42}
                                                  %
The control sequence at the end of the top line
of your error message was never \def'ed. If you have
misspelled it (e.g., `\hobx'), type `I' and the correct
spelling (e.g., `I\hbox'). Otherwise just continue,
and I'll forget about whatever was undefined.

! Undefined control sequence.
\Hy@EndAnnot ...AnnotLevel}=\@ne \Hy@endcolorlink
                                                  \@pdfm@mark {eann}\fi \glo...
l.25 ...defense mechanism.}}{55}{table.caption.42}
                                                  %
The control sequence at the end of the top line
of your error message was never \def'ed. If you have
misspelled it (e.g., `\hobx'), type `I' and the correct
spelling (e.g., `I\hbox'). Otherwise just continue,
and I'll forget about whatever was undefined.

! Undefined control sequence.
<recently read> \Hy@colorlink

l.26 ...s by risk profile.}}{55}{table.caption.43}
                                                  %
The control sequence at the end of the top line
of your error message was never \def'ed. If you have
misspelled it (e.g., `\hobx'), type `I' and the correct
spelling (e.g., `I\hbox'). Otherwise just continue,
and I'll forget about whatever was undefined.

! Undefined control sequence.
\Hy@EndAnnot ...AnnotLevel}=\@ne \Hy@endcolorlink
                                                  \@pdfm@mark {eann}\fi \glo...
l.26 ...s by risk profile.}}{55}{table.caption.43}
                                                  %
The control sequence at the end of the top line
of your error message was never \def'ed. If you have
misspelled it (e.g., `\hobx'), type `I' and the correct
spelling (e.g., `I\hbox'). Otherwise just continue,
and I'll forget about whatever was undefined.

! Undefined control sequence.
<recently read> \Hy@colorlink

l.27 ...rying $n$ and $f$.}}{57}{table.caption.45}
                                                  %
The control sequence at the end of the top line
of your error message was never \def'ed. If you have
misspelled it (e.g., `\hobx'), type `I' and the correct
spelling (e.g., `I\hbox'). Otherwise just continue,
and I'll forget about whatever was undefined.

! Undefined control sequence.
\Hy@EndAnnot ...AnnotLevel}=\@ne \Hy@endcolorlink
                                                  \@pdfm@mark {eann}\fi \glo...
l.27 ...rying $n$ and $f$.}}{57}{table.caption.45}
                                                  %
The control sequence at the end of the top line
of your error message was never \def'ed. If you have
misspelled it (e.g., `\hobx'), type `I' and the correct
spelling (e.g., `I\hbox'). Otherwise just continue,
and I'll forget about whatever was undefined.

! Undefined control sequence.
<recently read> \Hy@colorlink

l.28 ...detection targets.}}{59}{table.caption.46}
                                                  %
The control sequence at the end of the top line
of your error message was never \def'ed. If you have
misspelled it (e.g., `\hobx'), type `I' and the correct
spelling (e.g., `I\hbox'). Otherwise just continue,
and I'll forget about whatever was undefined.

! Undefined control sequence.
\Hy@EndAnnot ...AnnotLevel}=\@ne \Hy@endcolorlink
                                                  \@pdfm@mark {eann}\fi \glo...
l.28 ...detection targets.}}{59}{table.caption.46}
                                                  %
The control sequence at the end of the top line
of your error message was never \def'ed. If you have
misspelled it (e.g., `\hobx'), type `I' and the correct
spelling (e.g., `I\hbox'). Otherwise just continue,
and I'll forget about whatever was undefined.

! Undefined control sequence.
<recently read> \Hy@colorlink

l.29 ...erpretation scale.}}{61}{table.caption.48}
                                                  %
The control sequence at the end of the top line
of your error message was never \def'ed. If you have
misspelled it (e.g., `\hobx'), type `I' and the correct
spelling (e.g., `I\hbox'). Otherwise just continue,
and I'll forget about whatever was undefined.

! Undefined control sequence.
\Hy@EndAnnot ...AnnotLevel}=\@ne \Hy@endcolorlink
                                                  \@pdfm@mark {eann}\fi \glo...
l.29 ...erpretation scale.}}{61}{table.caption.48}
                                                  %
The control sequence at the end of the top line
of your error message was never \def'ed. If you have
misspelled it (e.g., `\hobx'), type `I' and the correct
spelling (e.g., `I\hbox'). Otherwise just continue,
and I'll forget about whatever was undefined.

! Undefined control sequence.
<recently read> \Hy@colorlink

l.30 ...ection trade-offs.}}{62}{table.caption.49}
                                                  %
The control sequence at the end of the top line
of your error message was never \def'ed. If you have
misspelled it (e.g., `\hobx'), type `I' and the correct
spelling (e.g., `I\hbox'). Otherwise just continue,
and I'll forget about whatever was undefined.

! Undefined control sequence.
\Hy@EndAnnot ...AnnotLevel}=\@ne \Hy@endcolorlink
                                                  \@pdfm@mark {eann}\fi \glo...
l.30 ...ection trade-offs.}}{62}{table.caption.49}
                                                  %
The control sequence at the end of the top line
of your error message was never \def'ed. If you have
misspelled it (e.g., `\hobx'), type `I' and the correct
spelling (e.g., `I\hbox'). Otherwise just continue,
and I'll forget about whatever was undefined.

! Undefined control sequence.
<recently read> \Hy@colorlink

l.31 ...with trust levels.}}{64}{table.caption.51}
                                                  %
The control sequence at the end of the top line
of your error message was never \def'ed. If you have
misspelled it (e.g., `\hobx'), type `I' and the correct
spelling (e.g., `I\hbox'). Otherwise just continue,
and I'll forget about whatever was undefined.

! Undefined control sequence.
\Hy@EndAnnot ...AnnotLevel}=\@ne \Hy@endcolorlink
                                                  \@pdfm@mark {eann}\fi \glo...
l.31 ...with trust levels.}}{64}{table.caption.51}
                                                  %
The control sequence at the end of the top line
of your error message was never \def'ed. If you have
misspelled it (e.g., `\hobx'), type `I' and the correct
spelling (e.g., `I\hbox'). Otherwise just continue,
and I'll forget about whatever was undefined.

! Undefined control sequence.
<recently read> \Hy@colorlink

l.32 ...attack indicators.}}{64}{table.caption.52}
                                                  %
The control sequence at the end of the top line
of your error message was never \def'ed. If you have
misspelled it (e.g., `\hobx'), type `I' and the correct
spelling (e.g., `I\hbox'). Otherwise just continue,
and I'll forget about whatever was undefined.

! Undefined control sequence.
\Hy@EndAnnot ...AnnotLevel}=\@ne \Hy@endcolorlink
                                                  \@pdfm@mark {eann}\fi \glo...
l.32 ...attack indicators.}}{64}{table.caption.52}
                                                  %
The control sequence at the end of the top line
of your error message was never \def'ed. If you have
misspelled it (e.g., `\hobx'), type `I' and the correct
spelling (e.g., `I\hbox'). Otherwise just continue,
and I'll forget about whatever was undefined.

! Undefined control sequence.
<recently read> \Hy@colorlink

l.33 ...escalation levels.}}{65}{table.caption.53}
                                                  %
The control sequence at the end of the top line
of your error message was never \def'ed. If you have
misspelled it (e.g., `\hobx'), type `I' and the correct
spelling (e.g., `I\hbox'). Otherwise just continue,
and I'll forget about whatever was undefined.

! Undefined control sequence.
\Hy@EndAnnot ...AnnotLevel}=\@ne \Hy@endcolorlink
                                                  \@pdfm@mark {eann}\fi \glo...
l.33 ...escalation levels.}}{65}{table.caption.53}
                                                  %
The control sequence at the end of the top line
of your error message was never \def'ed. If you have
misspelled it (e.g., `\hobx'), type `I' and the correct
spelling (e.g., `I\hbox'). Otherwise just continue,
and I'll forget about whatever was undefined.

! Undefined control sequence.
<recently read> \Hy@colorlink

l.34 ...y by attack class.}}{66}{table.caption.54}
                                                  %
The control sequence at the end of the top line
of your error message was never \def'ed. If you have
misspelled it (e.g., `\hobx'), type `I' and the correct
spelling (e.g., `I\hbox'). Otherwise just continue,
and I'll forget about whatever was undefined.

! Undefined control sequence.
\Hy@EndAnnot ...AnnotLevel}=\@ne \Hy@endcolorlink
                                                  \@pdfm@mark {eann}\fi \glo...
l.34 ...y by attack class.}}{66}{table.caption.54}
                                                  %
The control sequence at the end of the top line
of your error message was never \def'ed. If you have
misspelled it (e.g., `\hobx'), type `I' and the correct
spelling (e.g., `I\hbox'). Otherwise just continue,
and I'll forget about whatever was undefined.

! Undefined control sequence.
<recently read> \Hy@colorlink

l.35 ...ine configuration.}}{67}{table.caption.56}
                                                  %
The control sequence at the end of the top line
of your error message was never \def'ed. If you have
misspelled it (e.g., `\hobx'), type `I' and the correct
spelling (e.g., `I\hbox'). Otherwise just continue,
and I'll forget about whatever was undefined.

! Undefined control sequence.
\Hy@EndAnnot ...AnnotLevel}=\@ne \Hy@endcolorlink
                                                  \@pdfm@mark {eann}\fi \glo...
l.35 ...ine configuration.}}{67}{table.caption.56}
                                                  %
The control sequence at the end of the top line
of your error message was never \def'ed. If you have
misspelled it (e.g., `\hobx'), type `I' and the correct
spelling (e.g., `I\hbox'). Otherwise just continue,
and I'll forget about whatever was undefined.

! Undefined control sequence.
<recently read> \Hy@colorlink

l.36 ... space complexity.}}{72}{table.caption.57}
                                                  %
The control sequence at the end of the top line
of your error message was never \def'ed. If you have
misspelled it (e.g., `\hobx'), type `I' and the correct
spelling (e.g., `I\hbox'). Otherwise just continue,
and I'll forget about whatever was undefined.

! Undefined control sequence.
\Hy@EndAnnot ...AnnotLevel}=\@ne \Hy@endcolorlink
                                                  \@pdfm@mark {eann}\fi \glo...
l.36 ... space complexity.}}{72}{table.caption.57}
                                                  %
The control sequence at the end of the top line
of your error message was never \def'ed. If you have
misspelled it (e.g., `\hobx'), type `I' and the correct
spelling (e.g., `I\hbox'). Otherwise just continue,
and I'll forget about whatever was undefined.

! Undefined control sequence.
<recently read> \Hy@colorlink

l.37 ...n time complexity.}}{73}{table.caption.58}
                                                  %
The control sequence at the end of the top line
of your error message was never \def'ed. If you have
misspelled it (e.g., `\hobx'), type `I' and the correct
spelling (e.g., `I\hbox'). Otherwise just continue,
and I'll forget about whatever was undefined.

! Undefined control sequence.
\Hy@EndAnnot ...AnnotLevel}=\@ne \Hy@endcolorlink
                                                  \@pdfm@mark {eann}\fi \glo...
l.37 ...n time complexity.}}{73}{table.caption.58}
                                                  %
The control sequence at the end of the top line
of your error message was never \def'ed. If you have
misspelled it (e.g., `\hobx'), type `I' and the correct
spelling (e.g., `I\hbox'). Otherwise just continue,
and I'll forget about whatever was undefined.

! Undefined control sequence.
<recently read> \Hy@colorlink

l.38 ...uted in this part.}}{75}{table.caption.59}
                                                  %
The control sequence at the end of the top line
of your error message was never \def'ed. If you have
misspelled it (e.g., `\hobx'), type `I' and the correct
spelling (e.g., `I\hbox'). Otherwise just continue,
and I'll forget about whatever was undefined.

! Undefined control sequence.
\Hy@EndAnnot ...AnnotLevel}=\@ne \Hy@endcolorlink
                                                  \@pdfm@mark {eann}\fi \glo...
l.38 ...uted in this part.}}{75}{table.caption.59}
                                                  %
The control sequence at the end of the top line
of your error message was never \def'ed. If you have
misspelled it (e.g., `\hobx'), type `I' and the correct
spelling (e.g., `I\hbox'). Otherwise just continue,
and I'll forget about whatever was undefined.

! Undefined control sequence.
\set@color ->\special {color push \current@color
                                                 }\aftergroup \reset@color
l.39 ...ults across tools.}}{75}{table.caption.60}
                                                  %
The control sequence at the end of the top line
of your error message was never \def'ed. If you have
misspelled it (e.g., `\hobx'), type `I' and the correct
spelling (e.g., `I\hbox'). Otherwise just continue,
and I'll forget about whatever was undefined.

! Undefined control sequence.
\set@color ->\special {color push \current@color
                                                 }\aftergroup \reset@color
l.39 ...ults across tools.}}{75}{table.caption.60}
                                                  %
The control sequence at the end of the top line
of your error message was never \def'ed. If you have
misspelled it (e.g., `\hobx'), type `I' and the correct
spelling (e.g., `I\hbox'). Otherwise just continue,
and I'll forget about whatever was undefined.

[2]
! Undefined control sequence.
<recently read> \Hy@colorlink

l.39 ...ults across tools.}}{75}{table.caption.60}
                                                  %
The control sequence at the end of the top line
of your error message was never \def'ed. If you have
misspelled it (e.g., `\hobx'), type `I' and the correct
spelling (e.g., `I\hbox'). Otherwise just continue,
and I'll forget about whatever was undefined.

! Undefined control sequence.
\Hy@EndAnnot ...AnnotLevel}=\@ne \Hy@endcolorlink
                                                  \@pdfm@mark {eann}\fi \glo...
l.39 ...ults across tools.}}{75}{table.caption.60}
                                                  %
The control sequence at the end of the top line
of your error message was never \def'ed. If you have
misspelled it (e.g., `\hobx'), type `I' and the correct
spelling (e.g., `I\hbox'). Otherwise just continue,
and I'll forget about whatever was undefined.

! Undefined control sequence.
<recently read> \Hy@colorlink

l.40 ...t attack surfaces.}}{77}{table.caption.61}
                                                  %
The control sequence at the end of the top line
of your error message was never \def'ed. If you have
misspelled it (e.g., `\hobx'), type `I' and the correct
spelling (e.g., `I\hbox'). Otherwise just continue,
and I'll forget about whatever was undefined.

! Undefined control sequence.
\Hy@EndAnnot ...AnnotLevel}=\@ne \Hy@endcolorlink
                                                  \@pdfm@mark {eann}\fi \glo...
l.40 ...t attack surfaces.}}{77}{table.caption.61}
                                                  %
The control sequence at the end of the top line
of your error message was never \def'ed. If you have
misspelled it (e.g., `\hobx'), type `I' and the correct
spelling (e.g., `I\hbox'). Otherwise just continue,
and I'll forget about whatever was undefined.

! Undefined control sequence.
<recently read> \Hy@colorlink

l.41 ...architecture type.}}{78}{table.caption.62}
                                                  %
The control sequence at the end of the top line
of your error message was never \def'ed. If you have
misspelled it (e.g., `\hobx'), type `I' and the correct
spelling (e.g., `I\hbox'). Otherwise just continue,
and I'll forget about whatever was undefined.

! Undefined control sequence.
\Hy@EndAnnot ...AnnotLevel}=\@ne \Hy@endcolorlink
                                                  \@pdfm@mark {eann}\fi \glo...
l.41 ...architecture type.}}{78}{table.caption.62}
                                                  %
The control sequence at the end of the top line
of your error message was never \def'ed. If you have
misspelled it (e.g., `\hobx'), type `I' and the correct
spelling (e.g., `I\hbox'). Otherwise just continue,
and I'll forget about whatever was undefined.

! Undefined control sequence.
<recently read> \Hy@colorlink

l.42 ...formal guarantees.}}{79}{table.caption.63}
                                                  %
The control sequence at the end of the top line
of your error message was never \def'ed. If you have
misspelled it (e.g., `\hobx'), type `I' and the correct
spelling (e.g., `I\hbox'). Otherwise just continue,
and I'll forget about whatever was undefined.

! Undefined control sequence.
\Hy@EndAnnot ...AnnotLevel}=\@ne \Hy@endcolorlink
                                                  \@pdfm@mark {eann}\fi \glo...
l.42 ...formal guarantees.}}{79}{table.caption.63}
                                                  %
The control sequence at the end of the top line
of your error message was never \def'ed. If you have
misspelled it (e.g., `\hobx'), type `I' and the correct
spelling (e.g., `I\hbox'). Otherwise just continue,
and I'll forget about whatever was undefined.

! Undefined control sequence.
<recently read> \Hy@colorlink

l.43 ...ognitive security.}}{80}{table.caption.64}
                                                  %
The control sequence at the end of the top line
of your error message was never \def'ed. If you have
misspelled it (e.g., `\hobx'), type `I' and the correct
spelling (e.g., `I\hbox'). Otherwise just continue,
and I'll forget about whatever was undefined.

! Undefined control sequence.
\Hy@EndAnnot ...AnnotLevel}=\@ne \Hy@endcolorlink
                                                  \@pdfm@mark {eann}\fi \glo...
l.43 ...ognitive security.}}{80}{table.caption.64}
                                                  %
The control sequence at the end of the top line
of your error message was never \def'ed. If you have
misspelled it (e.g., `\hobx'), type `I' and the correct
spelling (e.g., `I\hbox'). Otherwise just continue,
and I'll forget about whatever was undefined.

! Undefined control sequence.
<recently read> \Hy@colorlink

l.44 ...mal contributions.}}{82}{table.caption.65}
                                                  %
The control sequence at the end of the top line
of your error message was never \def'ed. If you have
misspelled it (e.g., `\hobx'), type `I' and the correct
spelling (e.g., `I\hbox'). Otherwise just continue,
and I'll forget about whatever was undefined.

! Undefined control sequence.
\Hy@EndAnnot ...AnnotLevel}=\@ne \Hy@endcolorlink
                                                  \@pdfm@mark {eann}\fi \glo...
l.44 ...mal contributions.}}{82}{table.caption.65}
                                                  %
The control sequence at the end of the top line
of your error message was never \def'ed. If you have
misspelled it (e.g., `\hobx'), type `I' and the correct
spelling (e.g., `I\hbox'). Otherwise just continue,
and I'll forget about whatever was undefined.

! Undefined control sequence.
<recently read> \Hy@colorlink

l.45 ...lerate $f$ faults.}}{87}{table.caption.66}
                                                  %
The control sequence at the end of the top line
of your error message was never \def'ed. If you have
misspelled it (e.g., `\hobx'), type `I' and the correct
spelling (e.g., `I\hbox'). Otherwise just continue,
and I'll forget about whatever was undefined.

! Undefined control sequence.
\Hy@EndAnnot ...AnnotLevel}=\@ne \Hy@endcolorlink
                                                  \@pdfm@mark {eann}\fi \glo...
l.45 ...lerate $f$ faults.}}{87}{table.caption.66}
                                                  %
The control sequence at the end of the top line
of your error message was never \def'ed. If you have
misspelled it (e.g., `\hobx'), type `I' and the correct
spelling (e.g., `I\hbox'). Otherwise just continue,
and I'll forget about whatever was undefined.

! Undefined control sequence.
<recently read> \Hy@colorlink

l.46 ...ended mitigations.}}{88}{table.caption.67}
                                                  %
The control sequence at the end of the top line
of your error message was never \def'ed. If you have
misspelled it (e.g., `\hobx'), type `I' and the correct
spelling (e.g., `I\hbox'). Otherwise just continue,
and I'll forget about whatever was undefined.

! Undefined control sequence.
\Hy@EndAnnot ...AnnotLevel}=\@ne \Hy@endcolorlink
                                                  \@pdfm@mark {eann}\fi \glo...
l.46 ...ended mitigations.}}{88}{table.caption.67}
                                                  %
The control sequence at the end of the top line
of your error message was never \def'ed. If you have
misspelled it (e.g., `\hobx'), type `I' and the correct
spelling (e.g., `I\hbox'). Otherwise just continue,
and I'll forget about whatever was undefined.

! Undefined control sequence.
<recently read> \Hy@colorlink

l.47 ...throughout proofs.}}{91}{table.caption.68}
                                                  %
The control sequence at the end of the top line
of your error message was never \def'ed. If you have
misspelled it (e.g., `\hobx'), type `I' and the correct
spelling (e.g., `I\hbox'). Otherwise just continue,
and I'll forget about whatever was undefined.

! Undefined control sequence.
\Hy@EndAnnot ...AnnotLevel}=\@ne \Hy@endcolorlink
                                                  \@pdfm@mark {eann}\fi \glo...
l.47 ...throughout proofs.}}{91}{table.caption.68}
                                                  %
The control sequence at the end of the top line
of your error message was never \def'ed. If you have
misspelled it (e.g., `\hobx'), type `I' and the correct
spelling (e.g., `I\hbox'). Otherwise just continue,
and I'll forget about whatever was undefined.

! Undefined control sequence.
<recently read> \Hy@colorlink

l.48 ...iques by theorem.}}{100}{table.caption.69}
                                                  %
The control sequence at the end of the top line
of your error message was never \def'ed. If you have
misspelled it (e.g., `\hobx'), type `I' and the correct
spelling (e.g., `I\hbox'). Otherwise just continue,
and I'll forget about whatever was undefined.

! Undefined control sequence.
\Hy@EndAnnot ...AnnotLevel}=\@ne \Hy@endcolorlink
                                                  \@pdfm@mark {eann}\fi \glo...
l.48 ...iques by theorem.}}{100}{table.caption.69}
                                                  %
The control sequence at the end of the top line
of your error message was never \def'ed. If you have
misspelled it (e.g., `\hobx'), type `I' and the correct
spelling (e.g., `I\hbox'). Otherwise just continue,
and I'll forget about whatever was undefined.

! Undefined control sequence.
<recently read> \Hy@colorlink

l.49 ...with $\dagger $).}}{103}{table.caption.70}
                                                  %
The control sequence at the end of the top line
of your error message was never \def'ed. If you have
misspelled it (e.g., `\hobx'), type `I' and the correct
spelling (e.g., `I\hbox'). Otherwise just continue,
and I'll forget about whatever was undefined.

! Undefined control sequence.
\Hy@EndAnnot ...AnnotLevel}=\@ne \Hy@endcolorlink
                                                  \@pdfm@mark {eann}\fi \glo...
l.49 ...with $\dagger $).}}{103}{table.caption.70}
                                                  %
The control sequence at the end of the top line
of your error message was never \def'ed. If you have
misspelled it (e.g., `\hobx'), type `I' and the correct
spelling (e.g., `I\hbox'). Otherwise just continue,
and I'll forget about whatever was undefined.

)
\tf@lot=\write6
\openout6 = `_combined_manuscript.lot'.

 (./_combined_manuscript.aux

LaTeX Warning: Label `cor:layered-defense' multiply defined.


LaTeX Warning: Label `cor:layered-defense@cref' multiply defined.


LaTeX Warning: Label `sec:limitations' multiply defined.


LaTeX Warning: Label `sec:limitations@cref' multiply defined.

)
\openout1 = `_combined_manuscript.aux'.

LaTeX Font Info:    Checking defaults for OML/cmm/m/it on input line 293.
LaTeX Font Info:    ... okay on input line 293.
LaTeX Font Info:    Checking defaults for OMS/cmsy/m/n on input line 293.
LaTeX Font Info:    ... okay on input line 293.
LaTeX Font Info:    Checking defaults for OT1/cmr/m/n on input line 293.
LaTeX Font Info:    ... okay on input line 293.
LaTeX Font Info:    Checking defaults for T1/cmr/m/n on input line 293.
LaTeX Font Info:    ... okay on input line 293.
LaTeX Font Info:    Checking defaults for TS1/cmr/m/n on input line 293.
LaTeX Font Info:    ... okay on input line 293.
LaTeX Font Info:    Checking defaults for TU/lmr/m/n on input line 293.
LaTeX Font Info:    ... okay on input line 293.
LaTeX Font Info:    Checking defaults for OMX/cmex/m/n on input line 293.
LaTeX Font Info:    ... okay on input line 293.
LaTeX Font Info:    Checking defaults for U/cmr/m/n on input line 293.
LaTeX Font Info:    ... okay on input line 293.
LaTeX Font Info:    Checking defaults for PD1/pdf/m/n on input line 293.
LaTeX Font Info:    ... okay on input line 293.
LaTeX Font Info:    Checking defaults for PU/pdf/m/n on input line 293.
LaTeX Font Info:    ... okay on input line 293.
LaTeX Font Info:    Overwriting math alphabet `\mathrm' in version `normal'
(Font)                  OT1/cmr/m/n --> TU/lmr/m/n on input line 293.
LaTeX Font Info:    Overwriting math alphabet `\mathit' in version `normal'
(Font)                  OT1/cmr/m/it --> TU/lmr/m/it on input line 293.
LaTeX Font Info:    Overwriting math alphabet `\mathbf' in version `normal'
(Font)                  OT1/cmr/bx/n --> TU/lmr/bx/n on input line 293.
LaTeX Font Info:    Overwriting math alphabet `\mathsf' in version `normal'
(Font)                  OT1/cmss/m/n --> TU/lmss/m/n on input line 293.
LaTeX Font Info:    Overwriting math alphabet `\mathsf' in version `bold'
(Font)                  OT1/cmss/bx/n --> TU/lmss/bx/n on input line 293.
LaTeX Font Info:    Overwriting math alphabet `\mathtt' in version `normal'
(Font)                  OT1/cmtt/m/n --> TU/lmtt/m/n on input line 293.
LaTeX Font Info:    Overwriting math alphabet `\mathtt' in version `bold'
(Font)                  OT1/cmtt/m/n --> TU/lmtt/bx/n on input line 293.

Package fontspec Info:
(fontspec)             latinmodern-math scale = 0.9999964596882403.


Package fontspec Info:
(fontspec)             latinmodern-math scale = 0.9999964596882403.


Package fontspec Info:
(fontspec)             latinmodern-math scale = 0.9999964596882403.


Package fontspec Info:
(fontspec)             Font family 'latinmodern-math.otf(0)' created for font
(fontspec)             'latinmodern-math.otf' with options
(fontspec)             [Scale=MatchLowercase,BoldItalicFont={},ItalicFont={},Sm
allCapsFont={},Script=Math,BoldFont={latinmodern-math.otf}].
(fontspec)
(fontspec)              This font family consists of the following NFSS
(fontspec)             series/shapes:
(fontspec)
(fontspec)             - 'normal' (m/n) with NFSS spec.:
(fontspec)             <->s*[0.9999964596882403]"[latinmodern-math.otf]/OT:scri
pt=math;language=dflt;"
(fontspec)             - 'bold' (b/n) with NFSS spec.:
(fontspec)             <->s*[0.9999964596882403]"[latinmodern-math.otf]/OT:scri
pt=math;language=dflt;"

LaTeX Font Info:    Font shape `TU/latinmodern-math.otf(0)/m/n' will be
(Font)              scaled to size 10.0pt on input line 293.

Package fontspec Info:
(fontspec)             latinmodern-math scale = 0.9999964596882403.


Package fontspec Info:
(fontspec)             latinmodern-math scale = 0.9999964596882403.


Package fontspec Info:
(fontspec)             latinmodern-math scale = 0.9999964596882403.


Package fontspec Info:
(fontspec)             latinmodern-math scale = 0.9999964596882403.


Package fontspec Info:
(fontspec)             latinmodern-math scale = 0.9999964596882403.


Package fontspec Info:
(fontspec)             Font family 'latinmodern-math.otf(1)' created for font
(fontspec)             'latinmodern-math.otf' with options
(fontspec)             [Scale=MatchLowercase,BoldItalicFont={},ItalicFont={},Sm
allCapsFont={},Script=Math,SizeFeatures={{Size=8.5-},{Size=6-8.5,Font=latinmode
rn-math.otf,Style=MathScript},{Size=-6,Font=latinmodern-math.otf,Style=MathScri
ptScript}},BoldFont={latinmodern-math.otf}].
(fontspec)
(fontspec)              This font family consists of the following NFSS
(fontspec)             series/shapes:
(fontspec)
(fontspec)             - 'normal' (m/n) with NFSS spec.:
(fontspec)             <8.5->s*[0.9999964596882403]"[latinmodern-math.otf]/OT:s
cript=math;language=dflt;"<6-8.5>s*[0.9999964596882403]"[latinmodern-math.otf]/
OT:script=math;language=dflt;+ssty=0;"<-6>s*[0.9999964596882403]"[latinmodern-m
ath.otf]/OT:script=math;language=dflt;+ssty=1;"
(fontspec)             - 'bold' (b/n) with NFSS spec.:
(fontspec)             <->s*[0.9999964596882403]"[latinmodern-math.otf]/OT:scri
pt=math;language=dflt;"

LaTeX Font Info:    Font shape `TU/latinmodern-math.otf(1)/m/n' will be
(Font)              scaled to size 10.0pt on input line 293.
LaTeX Font Info:    Encoding `OT1' has changed to `TU' for symbol font
(Font)              `operators' in the math version `normal' on input line 293.

LaTeX Font Info:    Overwriting symbol font `operators' in version `normal'
(Font)                  OT1/cmr/m/n --> TU/latinmodern-math.otf(1)/m/n on input
 line 293.
LaTeX Font Info:    Encoding `OT1' has changed to `TU' for symbol font
(Font)              `operators' in the math version `bold' on input line 293.
LaTeX Font Info:    Overwriting symbol font `operators' in version `bold'
(Font)                  OT1/cmr/bx/n --> TU/latinmodern-math.otf(1)/b/n on inpu
t line 293.

Package fontspec Info:
(fontspec)             latinmodern-math scale = 0.9999964596882403.


Package fontspec Info:
(fontspec)             latinmodern-math scale = 1.000096459334209.


Package fontspec Info:
(fontspec)             latinmodern-math scale = 0.9999964596882403.


Package fontspec Info:
(fontspec)             latinmodern-math scale = 1.000096459334209.


Package fontspec Info:
(fontspec)             latinmodern-math scale = 0.9999964596882403.


Package fontspec Info:
(fontspec)             latinmodern-math scale = 1.000096459334209.


Package fontspec Info:
(fontspec)             latinmodern-math scale = 0.9999964596882403.


Package fontspec Info:
(fontspec)             latinmodern-math scale = 1.000096459334209.


Package fontspec Info:
(fontspec)             latinmodern-math scale = 0.9999964596882403.


Package fontspec Info:
(fontspec)             latinmodern-math scale = 1.000096459334209.


Package fontspec Info:
(fontspec)             Font family 'latinmodern-math.otf(2)' created for font
(fontspec)             'latinmodern-math.otf' with options
(fontspec)             [Scale=MatchLowercase,BoldItalicFont={},ItalicFont={},Sm
allCapsFont={},Script=Math,SizeFeatures={{Size=8.5-},{Size=6-8.5,Font=latinmode
rn-math.otf,Style=MathScript},{Size=-6,Font=latinmodern-math.otf,Style=MathScri
ptScript}},BoldFont={latinmodern-math.otf},ScaleAgain=1.0001,FontAdjustment={\f
ontdimen
(fontspec)             8\font =6.77pt\relax \fontdimen 9\font =3.94pt\relax
(fontspec)             \fontdimen 10\font =4.44pt\relax \fontdimen 11\font
(fontspec)             =6.86pt\relax \fontdimen 12\font =3.45pt\relax
(fontspec)             \fontdimen 13\font =3.63pt\relax \fontdimen 14\font
(fontspec)             =3.63pt\relax \fontdimen 15\font =2.89pt\relax
(fontspec)             \fontdimen 16\font =2.47pt\relax \fontdimen 17\font
(fontspec)             =2.47pt\relax \fontdimen 18\font =2.5pt\relax
(fontspec)             \fontdimen 19\font =2.0pt\relax \fontdimen 22\font
(fontspec)             =2.5pt\relax \fontdimen 20\font =0pt\relax \fontdimen
(fontspec)             21\font =0pt\relax }].
(fontspec)
(fontspec)              This font family consists of the following NFSS
(fontspec)             series/shapes:
(fontspec)
(fontspec)             - 'normal' (m/n) with NFSS spec.:
(fontspec)             <8.5->s*[1.000096459334209]"[latinmodern-math.otf]/OT:sc
ript=math;language=dflt;"<6-8.5>s*[1.000096459334209]"[latinmodern-math.otf]/OT
:script=math;language=dflt;+ssty=0;"<-6>s*[1.000096459334209]"[latinmodern-math
.otf]/OT:script=math;language=dflt;+ssty=1;"
(fontspec)             - 'bold' (b/n) with NFSS spec.:
(fontspec)             <->s*[1.000096459334209]"[latinmodern-math.otf]/OT:scrip
t=math;language=dflt;"

LaTeX Font Info:    Encoding `OMS' has changed to `TU' for symbol font
(Font)              `symbols' in the math version `normal' on input line 293.
LaTeX Font Info:    Overwriting symbol font `symbols' in version `normal'
(Font)                  OMS/cmsy/m/n --> TU/latinmodern-math.otf(2)/m/n on inpu
t line 293.
LaTeX Font Info:    Encoding `OMS' has changed to `TU' for symbol font
(Font)              `symbols' in the math version `bold' on input line 293.
LaTeX Font Info:    Overwriting symbol font `symbols' in version `bold'
(Font)                  OMS/cmsy/b/n --> TU/latinmodern-math.otf(2)/b/n on inpu
t line 293.

Package fontspec Info:
(fontspec)             latinmodern-math scale = 0.9999964596882403.


Package fontspec Info:
(fontspec)             latinmodern-math scale = 0.9998964600422715.


Package fontspec Info:
(fontspec)             latinmodern-math scale = 0.9999964596882403.


Package fontspec Info:
(fontspec)             latinmodern-math scale = 0.9998964600422715.


Package fontspec Info:
(fontspec)             latinmodern-math scale = 0.9999964596882403.


Package fontspec Info:
(fontspec)             latinmodern-math scale = 0.9998964600422715.


Package fontspec Info:
(fontspec)             latinmodern-math scale = 0.9999964596882403.


Package fontspec Info:
(fontspec)             latinmodern-math scale = 0.9998964600422715.


Package fontspec Info:
(fontspec)             latinmodern-math scale = 0.9999964596882403.


Package fontspec Info:
(fontspec)             latinmodern-math scale = 0.9998964600422715.


Package fontspec Info:
(fontspec)             Font family 'latinmodern-math.otf(3)' created for font
(fontspec)             'latinmodern-math.otf' with options
(fontspec)             [Scale=MatchLowercase,BoldItalicFont={},ItalicFont={},Sm
allCapsFont={},Script=Math,SizeFeatures={{Size=8.5-},{Size=6-8.5,Font=latinmode
rn-math.otf,Style=MathScript},{Size=-6,Font=latinmodern-math.otf,Style=MathScri
ptScript}},BoldFont={latinmodern-math.otf},ScaleAgain=0.9999,FontAdjustment={\f
ontdimen
(fontspec)             8\font =0.4pt\relax \fontdimen 9\font =2.0pt\relax
(fontspec)             \fontdimen 10\font =1.67pt\relax \fontdimen 11\font
(fontspec)             =1.11pt\relax \fontdimen 12\font =6.0pt\relax
(fontspec)             \fontdimen 13\font =0pt\relax }].
(fontspec)
(fontspec)              This font family consists of the following NFSS
(fontspec)             series/shapes:
(fontspec)
(fontspec)             - 'normal' (m/n) with NFSS spec.:
(fontspec)             <8.5->s*[0.9998964600422715]"[latinmodern-math.otf]/OT:s
cript=math;language=dflt;"<6-8.5>s*[0.9998964600422715]"[latinmodern-math.otf]/
OT:script=math;language=dflt;+ssty=0;"<-6>s*[0.9998964600422715]"[latinmodern-m
ath.otf]/OT:script=math;language=dflt;+ssty=1;"
(fontspec)             - 'bold' (b/n) with NFSS spec.:
(fontspec)             <->s*[0.9998964600422715]"[latinmodern-math.otf]/OT:scri
pt=math;language=dflt;"

LaTeX Font Info:    Encoding `OMX' has changed to `TU' for symbol font
(Font)              `largesymbols' in the math version `normal' on input line 2
93.
LaTeX Font Info:    Overwriting symbol font `largesymbols' in version `normal'
(Font)                  OMX/cmex/m/n --> TU/latinmodern-math.otf(3)/m/n on inpu
t line 293.
LaTeX Font Info:    Encoding `OMX' has changed to `TU' for symbol font
(Font)              `largesymbols' in the math version `bold' on input line 293
.
LaTeX Font Info:    Overwriting symbol font `largesymbols' in version `bold'
(Font)                  OMX/cmex/m/n --> TU/latinmodern-math.otf(3)/b/n on inpu
t line 293.


Package unicode-math Warning: Using \overbracket and \underbracket from
(unicode-math)                `mathtools' package.
(unicode-math)
(unicode-math)                 Use \Uoverbracket and \Uunderbracket for
(unicode-math)                original `unicode-math' definition.


Package unicode-math Warning: I'm going to overwrite the following commands
(unicode-math)                from the `mathtools' package:
(unicode-math)
(unicode-math)                     \dblcolon, \coloneqq, \Coloneqq, \eqqcolon.
(unicode-math)
(unicode-math)
(unicode-math)                 Note that since I won't overwrite the other
(unicode-math)                colon-like commands, using them will lead to
(unicode-math)                inconsistencies.

LaTeX Info: Redefining \microtypecontext on input line 293.
Package microtype Info: Applying patch `item' on input line 293.
Package microtype Info: Applying patch `toc' on input line 293.
Package microtype Info: Applying patch `eqnum' on input line 293.
Package microtype Info: Applying patch `footnote' on input line 293.
Package microtype Info: Applying patch `verbatim' on input line 293.
LaTeX Info: Redefining \microtypesetup on input line 293.
Package microtype Info: Character protrusion enabled (level 2).
Package microtype Info: Using protrusion set `basicmath'.
Package microtype Info: No adjustment of tracking.
Package microtype Info: No adjustment of spacing.
Package microtype Info: No adjustment of kerning.

(/usr/local/texlive/2026/texmf-dist/tex/latex/microtype/mt-LatinModernRoman.cfg
File: mt-LatinModernRoman.cfg 2026/02/26 v1.2 microtype config. file: Latin Mod
ern Roman (RS)
)
Package caption Info: Begin \AtBeginDocument code.
Package caption Info: float package is loaded.
Package caption Info: hyperref package is loaded.
Package caption Info: listings package is loaded.
Package caption Info: End \AtBeginDocument code.
Package footnotehyper Info: Using the \@makefntext{} approach (see doc).
(footnotehyper)    In case of dysfunctional footnote environments, you can
(footnotehyper)    try sending the author a small illustrative document.
(footnotehyper)    To turn off this message, add \footnotehyperwarnfalse
(footnotehyper)    to the preamble.
Package hyperref Info: Link coloring ON on input line 293.

Package pgfplots notification 'compat/show suggested version=true': document ha
s been generated with the most recent feature set (\pgfplotsset{compat=1.18}).

\c@lstlisting=\count406
*geometry* driver: auto-detecting
*geometry* detected driver: xetex
*geometry* verbose mode - [ preamble ] result:
* driver: xetex
* paper: <default>
* layout: <same size as paper>
* layoutoffset:(h,v)=(0.0pt,0.0pt)
* modes:
* h-part:(L,W,R)=(72.26999pt, 469.75502pt, 72.26999pt)
* v-part:(T,H,B)=(72.26999pt, 650.43001pt, 72.26999pt)
* \paperwidth=614.295pt
* \paperheight=794.96999pt
* \textwidth=469.75502pt
* \textheight=650.43001pt
* \oddsidemargin=0.0pt
* \evensidemargin=0.0pt
* \topmargin=-37.0pt
* \headheight=12.0pt
* \headsep=25.0pt
* \topskip=10.0pt
* \footskip=30.0pt
* \marginparwidth=65.0pt
* \marginparsep=11.0pt
* \columnsep=10.0pt
* \skip\footins=9.0pt plus 4.0pt minus 2.0pt
* \hoffset=0.0pt
* \voffset=0.0pt
* \mag=1000
* \@twocolumnfalse
* \@twosidefalse
* \@mparswitchfalse
* \@reversemarginfalse
* (1in=72.27pt=25.4mm, 1cm=28.453pt)

[3] [1] (./_combined_manuscript.toc
LaTeX Font Info:    Font shape `TU/latinmodern-math.otf(1)/m/n' will be
(Font)              scaled to size 7.0pt on input line 1.
LaTeX Font Info:    Font shape `TU/latinmodern-math.otf(1)/m/n' will be
(Font)              scaled to size 5.0pt on input line 1.
LaTeX Font Info:    Font shape `TU/latinmodern-math.otf(2)/m/n' will be
(Font)              scaled to size 10.00092pt on input line 1.
LaTeX Font Info:    Font shape `TU/latinmodern-math.otf(2)/m/n' will be
(Font)              scaled to size 7.00064pt on input line 1.
LaTeX Font Info:    Font shape `TU/latinmodern-math.otf(2)/m/n' will be
(Font)              scaled to size 5.00046pt on input line 1.
LaTeX Font Info:    Font shape `TU/latinmodern-math.otf(3)/m/n' will be
(Font)              scaled to size 9.99893pt on input line 1.
LaTeX Font Info:    Font shape `TU/latinmodern-math.otf(3)/m/n' will be
(Font)              scaled to size 6.99925pt on input line 1.
LaTeX Font Info:    Font shape `TU/latinmodern-math.otf(3)/m/n' will be
(Font)              scaled to size 4.99947pt on input line 1.

(/usr/local/texlive/2026/texmf-dist/tex/latex/microtype/mt-msa.cfg
File: mt-msa.cfg 2006/02/04 v1.1 microtype config. file: AMS symbols (a) (RS)
)
(/usr/local/texlive/2026/texmf-dist/tex/latex/microtype/mt-msb.cfg
File: mt-msb.cfg 2005/06/01 v1.0 microtype config. file: AMS symbols (b) (RS)
) [1]
[2] [3] [4] [5])
\tf@toc=\write7
\openout7 = `_combined_manuscript.toc'.

 [6] [7] (./_combined_manuscript.toc)
\tf@toc=\write8
\openout8 = `_combined_manuscript.toc'.

 [8] [9] [10] [11]
[12] [13] [14] [15]
LaTeX Font Info:    Font shape `TU/latinmodern-math.otf(1)/m/n' will be
(Font)              scaled to size 9.0pt on input line 899.
LaTeX Font Info:    Font shape `TU/latinmodern-math.otf(1)/m/n' will be
(Font)              scaled to size 6.0pt on input line 899.
LaTeX Font Info:    Font shape `TU/latinmodern-math.otf(2)/m/n' will be
(Font)              scaled to size 9.00082pt on input line 899.
LaTeX Font Info:    Font shape `TU/latinmodern-math.otf(2)/m/n' will be
(Font)              scaled to size 6.00055pt on input line 899.
LaTeX Font Info:    Font shape `TU/latinmodern-math.otf(3)/m/n' will be
(Font)              scaled to size 8.99904pt on input line 899.
LaTeX Font Info:    Font shape `TU/latinmodern-math.otf(3)/m/n' will be
(Font)              scaled to size 5.99936pt on input line 899.

Underfull \hbox (badness 10000) in paragraph at lines 907--907
[]|\TU/lmr/m/n/9 Model-checking execution (NuSMV, TLA+
 []


Underfull \hbox (badness 2529) in paragraph at lines 909--909
[]|\TU/lmr/m/n/9 Monitoring, drift detection playbooks, cost–
 []


Underfull \hbox (badness 1275) in paragraph at lines 912--912
[]|\TU/lmr/m/n/9 Domain-specific goal-hijacking analyses across
 []


Underfull \hbox (badness 3690) in paragraph at lines 914--914
\TU/lmr/m/n/9 nel separation, active perturbation probing,
 []

[16] [17]
Underfull \hbox (badness 3088) in paragraph at lines 974--975
[]|\TU/lmr/m/n/10 Compromised sub-
 []


Package hyperref Warning: Token not allowed in a PDF string (Unicode):
(hyperref)                removing `subscript' on input line 995.


Package hyperref Warning: Token not allowed in a PDF string (Unicode):
(hyperref)                removing `subscript' on input line 1024.

[18]

Package hyperref Warning: Token not allowed in a PDF string (Unicode):
(hyperref)                removing `subscript' on input line 1050.


Package hyperref Warning: Token not allowed in a PDF string (Unicode):
(hyperref)                removing `subscript' on input line 1082.


Package hyperref Warning: Token not allowed in a PDF string (Unicode):
(hyperref)                removing `subscript' on input line 1109.

[19]
Underfull \hbox (badness 10000) in paragraph at lines 1169--1169
[]|\TU/lmr/m/n/10 System understanding re-
 []

[20] [21]
File: ../figures/threat_taxonomy.pdf Graphic file (type pdf)
<use ../figures/threat_taxonomy.pdf>
File: ../figures/comprehensive_taxonomy.pdf Graphic file (type pdf)
<use ../figures/comprehensive_taxonomy.pdf>
 [22] [23]
File: ../figures/attack_timeline.pdf Graphic file (type pdf)
<use ../figures/attack_timeline.pdf>
 [24]

Package hyperref Warning: Token not allowed in a PDF string (Unicode):
(hyperref)                removing `subscript' on input line 1483.

[25]

Package hyperref Warning: Token not allowed in a PDF string (Unicode):
(hyperref)                removing `subscript' on input line 1507.


Package hyperref Warning: Token not allowed in a PDF string (Unicode):
(hyperref)                removing `subscript' on input line 1527.


Package hyperref Warning: Token not allowed in a PDF string (Unicode):
(hyperref)                removing `subscript' on input line 1565.


Package hyperref Warning: Token not allowed in a PDF string (Unicode):
(hyperref)                removing `subscript' on input line 1581.

[26] [27]
File: ../figures/attack_surface.pdf Graphic file (type pdf)
<use ../figures/attack_surface.pdf>
 [28] [29]
Underfull \hbox (badness 10000) in paragraph at lines 1762--1763
[]|\TU/lmr/m/n/10 Prioritized objectives where
 []


Underfull \hbox (badness 1694) in paragraph at lines 1763--1764
[]|\TU/lmr/m/n/10 Committed action sequence with
 []


Underfull \hbox (badness 3861) in paragraph at lines 1764--1765
[]|\TU/lmr/m/n/10 Interaction trace (events, times-
 []

[30]

LaTeX Font Warning: Font shape `TU/lmr/m/scit' undefined
(Font)              using `TU/lmr/m/scsl' instead on input line 1790.


LaTeX Font Warning: Font shape `TU/lmr/m/scit' undefined
(Font)              using `TU/lmr/m/scsl' instead on input line 1790.


LaTeX Font Warning: Font shape `TU/lmr/m/scit' undefined
(Font)              using `TU/lmr/m/scsl' instead on input line 1790.


LaTeX Font Warning: Font shape `TU/lmr/m/scit' undefined
(Font)              using `TU/lmr/m/scsl' instead on input line 1790.


Underfull \hbox (badness 2237) in paragraph at lines 1790--1791
[]\TU/lmr/bx/n/10 Definition 4.4 \TU/lmr/m/n/10 (Transition Relation)\TU/lmr/bx
/n/10 . []\TU/lmr/m/it/10 State transitions follow the relation $[][] [] [][]$
where
 []

[31] [32]
File: ../figures/trust_network.pdf Graphic file (type pdf)
<use ../figures/trust_network.pdf>
 [33]
File: ../figures/trust_decay.pdf Graphic file (type pdf)
<use ../figures/trust_decay.pdf>
File: ../figures/trust_calculus_comprehensive.pdf Graphic file (type pdf)
<use ../figures/trust_calculus_comprehensive.pdf>
 [34] [35] [36] [37] [38] [39]
File: ../figures/cif_architecture.pdf Graphic file (type pdf)
<use ../figures/cif_architecture.pdf>
File: ../figures/cif_comprehensive.pdf Graphic file (type pdf)
<use ../figures/cif_comprehensive.pdf>
File: ../figures/cif_ad_coupling.pdf Graphic file (type pdf)
<use ../figures/cif_ad_coupling.pdf>
 [40] [41] [42]
File: ../figures/ooda_phase_diagram.pdf Graphic file (type pdf)
<use ../figures/ooda_phase_diagram.pdf>
 [43]
Underfull \hbox (badness 10000) in paragraph at lines 2651--2651
[]|\TU/lmr/m/n/10 Permission escalation,
 []

[44] [45] [46] [47]
Underfull \hbox (badness 3029) in paragraph at lines 2855--2855
[]|\TU/lmr/m/n/10 Decay trust with delegation depth
 []


Underfull \hbox (badness 10000) in paragraph at lines 2856--2856
[]|\TU/lmr/m/n/10 Track provenance for all high-
 []


Underfull \hbox (badness 2351) in paragraph at lines 2858--2859
[]|\TU/lmr/m/n/10 Permit recursive delegation without
 []


Underfull \hbox (badness 1466) in paragraph at lines 2860--2861
[]|\TU/lmr/m/n/10 Trust single-agent outputs for high-
 []


LaTeX Font Warning: Font shape `TU/lmr/m/scit' undefined
(Font)              using `TU/lmr/m/scsl' instead on input line 2876.


LaTeX Font Warning: Font shape `TU/lmr/m/scit' undefined
(Font)              using `TU/lmr/m/scsl' instead on input line 2876.


LaTeX Font Warning: Font shape `TU/lmr/m/scit' undefined
(Font)              using `TU/lmr/m/scsl' instead on input line 2876.


LaTeX Font Warning: Font shape `TU/lmr/m/scit' undefined
(Font)              using `TU/lmr/m/scsl' instead on input line 2885.


LaTeX Font Warning: Font shape `TU/lmr/m/scit' undefined
(Font)              using `TU/lmr/m/scsl' instead on input line 2886.


LaTeX Font Warning: Font shape `TU/lmr/m/scit' undefined
(Font)              using `TU/lmr/m/scsl' instead on input line 2887.


Underfull \hbox (badness 1715) in paragraph at lines 2901--2902
[]|\TU/lmr/m/n/10 Pattern matching + semantic
 []

[48]
File: ../figures/belief_sandbox.pdf Graphic file (type pdf)
<use ../figures/belief_sandbox.pdf>


LaTeX Font Warning: Font shape `TU/lmr/m/scit' undefined
(Font)              using `TU/lmr/m/scsl' instead on input line 3007.

[49] [50]

LaTeX Font Warning: Font shape `TU/lmr/m/scit' undefined
(Font)              using `TU/lmr/m/scsl' instead on input line 3063.

File: ../figures/ablation_study.pdf Graphic file (type pdf)
<use ../figures/ablation_study.pdf>
[51] [52]
File: ../figures/defense_composition.pdf Graphic file (type pdf)
<use ../figures/defense_composition.pdf>
 [53] [54]

LaTeX Font Warning: Font shape `TU/lmr/m/scit' undefined
(Font)              using `TU/lmr/m/scsl' instead on input line 3351.


LaTeX Font Warning: Font shape `TU/lmr/m/scit' undefined
(Font)              using `TU/lmr/m/scsl' instead on input line 3351.


LaTeX Font Warning: Font shape `TU/lmr/m/scit' undefined
(Font)              using `TU/lmr/m/scsl' instead on input line 3351.

[55] [56] [57] [58]
File: ../figures/roc_curves.pdf Graphic file (type pdf)
<use ../figures/roc_curves.pdf>
 [59] [60] [61]
File: ../figures/fp_mitigation.pdf Graphic file (type pdf)
<use ../figures/fp_mitigation.pdf>
 [62] [63]

LaTeX Font Warning: Font shape `TU/lmr/m/scit' undefined
(Font)              using `TU/lmr/m/scsl' instead on input line 4001.


LaTeX Font Warning: Font shape `TU/lmr/m/scit' undefined
(Font)              using `TU/lmr/m/scsl' instead on input line 4002.


LaTeX Font Warning: Font shape `TU/lmr/m/scit' undefined
(Font)              using `TU/lmr/m/scsl' instead on input line 4003.

[64] [65]
File: ../figures/detection_performance.pdf Graphic file (type pdf)
<use ../figures/detection_performance.pdf>

Underfull \hbox (badness 10000) in paragraph at lines 4211--4212
[]|\TU/lmr/m/n/10 Escalation condi-
 []


Underfull \hbox (badness 10000) in paragraph at lines 4213--4214
[]|\TU/lmr/m/n/10 Pattern score
 []


Underfull \hbox (badness 10000) in paragraph at lines 4214--4215
[]|\TU/lmr/m/n/10 Embedding dis-
 []


Underfull \hbox (badness 10000) in paragraph at lines 4215--4216
[]|\TU/lmr/m/n/10 Consistency viola-
 []

[66] [67] [68] [69] [70] [71] [72] [73] [74] [75] [76]
Underfull \hbox (badness 2495) in paragraph at lines 4914--4918
[]\TU/lmr/m/n/10 These results confirm that the abstract properties proven here
—boundedness, composition, and
 []

[77]
Underfull \hbox (badness 2376) in paragraph at lines 5041--5042
[]|$[][]$ \TU/lmr/m/n/10 attacks succeed; systemic
 []

[78] [79]
Underfull \hbox (badness 1701) in paragraph at lines 5159--5160
[]|\TU/lmr/m/n/10 No inter-agent trust re-
 []


Underfull \hbox (badness 10000) in paragraph at lines 5160--5161
[]|\TU/lmr/m/n/10 Limited multiagent-
 []


Underfull \hbox (badness 10000) in paragraph at lines 5161--5162
[]|\TU/lmr/m/n/10 Process-focused, not
 []

[80] [81] [82] [83] [84] [85] [86]

Package hyperref Warning: Token not allowed in a PDF string (Unicode):
(hyperref)                removing `subscript' on input line 5609.


Package hyperref Warning: Token not allowed in a PDF string (Unicode):
(hyperref)                removing `subscript' on input line 5609.

[87]
Underfull \hbox (badness 10000) in paragraph at lines 5741--5742
[]|\TU/lmr/m/n/10 Hardware security modules,
 []

[88] [89] [90] [91] [92] [93] [94] [95] [96] [97] [98] [99]

LaTeX Font Warning: Font shape `TU/lmr/m/scit' undefined
(Font)              using `TU/lmr/m/scsl' instead on input line 6702.


LaTeX Font Warning: Font shape `TU/lmr/m/scit' undefined
(Font)              using `TU/lmr/m/scsl' instead on input line 6702.


LaTeX Font Warning: Font shape `TU/lmr/m/scit' undefined
(Font)              using `TU/lmr/m/scsl' instead on input line 6702.


Overfull \hbox (9.70355pt too wide) in paragraph at lines 6702--6703
[]\TU/lmr/bx/n/10 Lemma 11.39 \TU/lmr/m/n/10 (Type Closure under Composition)\T
U/lmr/bx/n/10 . []\TU/lmr/m/it/10 For any $[][][] [][] [] [][] [] [][][] [][] [
][]$:
 []


LaTeX Font Warning: Font shape `TU/lmr/m/scit' undefined
(Font)              using `TU/lmr/m/scsl' instead on input line 6705.


LaTeX Font Warning: Font shape `TU/lmr/m/scit' undefined
(Font)              using `TU/lmr/m/scsl' instead on input line 6705.


LaTeX Font Warning: Font shape `TU/lmr/m/scit' undefined
(Font)              using `TU/lmr/m/scsl' instead on input line 6705.

[100]

LaTeX Font Warning: Font shape `TU/lmr/m/scit' undefined
(Font)              using `TU/lmr/m/scsl' instead on input line 6728.

[101] [102] [103] [104]
! You can't use `macro parameter character #' in horizontal mode.
l.7024 {#
         eq:non-decomposability}
Sorry, but I'm not programmed to handle this case;
I'll just pretend that you didn't ask for it.
If you're in the wrong mode, you might be able to
return to the right one by typing `I}' or `I$' or `I\par'.

[105] [106] [107] [108]
! You can't use `macro parameter character #' in horizontal mode.
l.7394 {#
         eq:recruitment-signal-injection}
Sorry, but I'm not programmed to handle this case;
I'll just pretend that you didn't ask for it.
If you're in the wrong mode, you might be able to
return to the right one by typing `I}' or `I$' or `I\par'.

! You can't use `macro parameter character #' in horizontal mode.
l.7433 {#
         eq:sybil-initial-trust}
Sorry, but I'm not programmed to handle this case;
I'll just pretend that you didn't ask for it.
If you're in the wrong mode, you might be able to
return to the right one by typing `I}' or `I$' or `I\par'.

[109]
! You can't use `macro parameter character #' in horizontal mode.
l.7438 {#
         eq:sybil-trust-accumulation}
Sorry, but I'm not programmed to handle this case;
I'll just pretend that you didn't ask for it.
If you're in the wrong mode, you might be able to
return to the right one by typing `I}' or `I$' or `I\par'.

! You can't use `macro parameter character #' in horizontal mode.
l.7477 {#
         eq:quorum-prevention}
Sorry, but I'm not programmed to handle this case;
I'll just pretend that you didn't ask for it.
If you're in the wrong mode, you might be able to
return to the right one by typing `I}' or `I$' or `I\par'.

! You can't use `macro parameter character #' in horizontal mode.
l.7483 {#
         eq:false-quorum-injection}
Sorry, but I'm not programmed to handle this case;
I'll just pretend that you didn't ask for it.
If you're in the wrong mode, you might be able to
return to the right one by typing `I}' or `I$' or `I\par'.

! You can't use `macro parameter character #' in horizontal mode.
l.7521 {#
         eq:belief-cascade-propagation}
Sorry, but I'm not programmed to handle this case;
I'll just pretend that you didn't ask for it.
If you're in the wrong mode, you might be able to
return to the right one by typing `I}' or `I$' or `I\par'.

[110]
! You can't use `macro parameter character #' in horizontal mode.
l.7560 {#
         eq:emergent-misalignment-condition}
Sorry, but I'm not programmed to handle this case;
I'll just pretend that you didn't ask for it.
If you're in the wrong mode, you might be able to
return to the right one by typing `I}' or `I$' or `I\par'.

[111]
! You can't use `macro parameter character #' in horizontal mode.
l.7636 {#
         eq:stigmergic-trust-decay}
Sorry, but I'm not programmed to handle this case;
I'll just pretend that you didn't ask for it.
If you're in the wrong mode, you might be able to
return to the right one by typing `I}' or `I$' or `I\par'.

[112]
LaTeX Font Info:    Font shape `TU/latinmodern-math.otf(1)/m/n' will be
(Font)              scaled to size 12.0pt on input line 7716.
LaTeX Font Info:    Font shape `TU/latinmodern-math.otf(1)/m/n' will be
(Font)              scaled to size 8.0pt on input line 7716.
LaTeX Font Info:    Font shape `TU/latinmodern-math.otf(2)/m/n' will be
(Font)              scaled to size 12.0011pt on input line 7716.
LaTeX Font Info:    Font shape `TU/latinmodern-math.otf(2)/m/n' will be
(Font)              scaled to size 8.00073pt on input line 7716.
LaTeX Font Info:    Font shape `TU/latinmodern-math.otf(3)/m/n' will be
(Font)              scaled to size 11.99872pt on input line 7716.
LaTeX Font Info:    Font shape `TU/latinmodern-math.otf(3)/m/n' will be
(Font)              scaled to size 7.99915pt on input line 7716.
 [113]
! You can't use `macro parameter character #' in horizontal mode.
l.7863 {#
         eq:honest-info-sufficiency}
Sorry, but I'm not programmed to handle this case;
I'll just pretend that you didn't ask for it.
If you're in the wrong mode, you might be able to
return to the right one by typing `I}' or `I$' or `I\par'.

! You can't use `macro parameter character #' in horizontal mode.
l.7869 {#
         eq:honest-agent-capacity}
Sorry, but I'm not programmed to handle this case;
I'll just pretend that you didn't ask for it.
If you're in the wrong mode, you might be able to
return to the right one by typing `I}' or `I$' or `I\par'.

! You can't use `macro parameter character #' in horizontal mode.
l.7875 {#
         eq:byzantine-honest-majority}
Sorry, but I'm not programmed to handle this case;
I'll just pretend that you didn't ask for it.
If you're in the wrong mode, you might be able to
return to the right one by typing `I}' or `I$' or `I\par'.

[114]
! You can't use `macro parameter character #' in horizontal mode.
l.7881 {#
         eq:byzantine-info-combined}
Sorry, but I'm not programmed to handle this case;
I'll just pretend that you didn't ask for it.
If you're in the wrong mode, you might be able to
return to the right one by typing `I}' or `I$' or `I\par'.

[115]
ignored: Infinite glue shrinkage found in box being split [116]
ignored: Infinite glue shrink
age found in box being split [117]
ignored: Infinite glue shrinkage found in box being sp
lit [118]
ignored: Infinite glue shrinkage found in box being split [119] [120]
Overfull \hbox (3.63899pt too wide) in paragraph at lines 8397--8399
[]\TU/lmr/m/n/10 Liu, Y., et al. (2023). Prompt Injection Attack Against LLM-In
tegrated Applications. \TU/lmr/m/it/10 arXiv:2306.05499\TU/lmr/m/n/10 .
 []


Underfull \hbox (badness 1533) in paragraph at lines 8410--8412
[]\TU/lmr/m/n/10 Askell, A., et al. (2021). A General Language Assistant as a L
aboratory for Alignment.
 []

[121] [122] (./_combined_manuscript.bbl [123] [124] [125]) [126]
(./_combined_manuscript.aux)
 ***********
LaTeX2e <2025-11-01>
L3 programming layer <2026-01-19>
 ***********


LaTeX Warning: There were multiply-defined labels.

 )
Here is how much of TeX's memory you used:
 50728 strings out of 468168
 1165862 string characters out of 5432815
 1904414 words of memory out of 5000000
 78672 multiletter control sequences out of 15000+600000
 634651 words of font info for 115 fonts, out of 8000000 for 9000
 1348 hyphenation exceptions out of 8191
 90i,15n,114p,1017b,654s stack positions out of 10000i,1000n,20000p,200000b,200000s

Output written on _combined_manuscript.pdf (130 pages).
