[2026-02-15 17:30:40,216] [INFO] Recreated pipeline log file: /Users/4d/Documents/GitHub/template/projects/cognitive_integrity/cogsec_multiagent_4_applications/output/logs/pipeline.log
[2026-02-15 17:30:40,216] [INFO] [infrastructure.core.pipeline] Recreated pipeline log file: /Users/4d/Documents/GitHub/template/projects/cognitive_integrity/cogsec_multiagent_4_applications/output/logs/pipeline.log
[2026-02-15 17:30:40,216] [INFO] ✓ Stage 1 completed successfully (0.0s)
[2026-02-15 17:30:40,216] [INFO] [infrastructure.core.pipeline] ✓ Stage 1 completed successfully (0.0s)
[2026-02-15 17:30:40,216] [INFO] 
[2026-02-15 17:30:40,216] [INFO] [infrastructure.core.pipeline] 
[2026-02-15 17:30:40,216] [INFO] [2/8] Environment Setup (25% complete)
[2026-02-15 17:30:40,216] [INFO] [infrastructure.core.pipeline] [2/8] Environment Setup (25% complete)
[2026-02-15 17:30:40,216] [INFO]   Elapsed: 0s | ETA: 0s
[2026-02-15 17:30:40,216] [INFO] [infrastructure.core.pipeline]   Elapsed: 0s | ETA: 0s
[2026-02-15 17:30:40,216] [INFO] ━━━━━━━━━━━━━━━━━━━━━━━━━━━━━━━━━━━━━━━━━━━━━━
[2026-02-15 17:30:40,216] [INFO] [infrastructure.core.pipeline] ━━━━━━━━━━━━━━━━━━━━━━━━━━━━━━━━━━━━━━━━━━━━━━
[2026-02-15 17:30:40,217] [INFO] [infrastructure.core.logging_utils] Starting: Stage 2: Environment Setup
[2026-02-15 17:30:40,217] [INFO] Running environment setup...
[2026-02-15 17:30:40,217] [INFO] [infrastructure.core.pipeline] Running environment setup...
[2026-02-15 17:30:40,801] [INFO] [infrastructure.core.logging_utils] Completed: Stage 2: Environment Setup (0.6s)
[2026-02-15 17:30:40,801] [INFO] ✓ Stage 2 completed successfully (0.6s)
[2026-02-15 17:30:40,801] [INFO] [infrastructure.core.pipeline] ✓ Stage 2 completed successfully (0.6s)
[2026-02-15 17:30:40,802] [INFO] Skipping stage: Infrastructure Tests
[2026-02-15 17:30:40,802] [INFO] [infrastructure.core.pipeline] Skipping stage: Infrastructure Tests
[2026-02-15 17:30:40,802] [INFO] 
[2026-02-15 17:30:40,802] [INFO] [infrastructure.core.pipeline] 
[2026-02-15 17:30:40,802] [INFO] [3/8] Project Tests (37% complete)
[2026-02-15 17:30:40,802] [INFO] [infrastructure.core.pipeline] [3/8] Project Tests (37% complete)
[2026-02-15 17:30:40,802] [INFO]   Elapsed: 0s | ETA: 1s
[2026-02-15 17:30:40,802] [INFO] [infrastructure.core.pipeline]   Elapsed: 0s | ETA: 1s
[2026-02-15 17:30:40,802] [INFO] ━━━━━━━━━━━━━━━━━━━━━━━━━━━━━━━━━━━━━━━━━━━━━━
[2026-02-15 17:30:40,802] [INFO] [infrastructure.core.pipeline] ━━━━━━━━━━━━━━━━━━━━━━━━━━━━━━━━━━━━━━━━━━━━━━
[2026-02-15 17:30:40,803] [INFO] [infrastructure.core.logging_utils] Starting: Stage 3: Project Tests
[2026-02-15 17:30:40,803] [INFO] Running project tests...
[2026-02-15 17:30:40,803] [INFO] [infrastructure.core.pipeline] Running project tests...
[2026-02-15 17:30:44,489] [INFO] [infrastructure.core.logging_utils] Completed: Stage 3: Project Tests (3.7s)
[2026-02-15 17:30:44,489] [INFO] ✓ Stage 3 completed successfully (3.7s)
[2026-02-15 17:30:44,489] [INFO] [infrastructure.core.pipeline] ✓ Stage 3 completed successfully (3.7s)
[2026-02-15 17:30:44,489] [INFO] 
[2026-02-15 17:30:44,489] [INFO] [infrastructure.core.pipeline] 
[2026-02-15 17:30:44,489] [INFO] [4/8] Project Analysis (50% complete)
[2026-02-15 17:30:44,489] [INFO] [infrastructure.core.pipeline] [4/8] Project Analysis (50% complete)
[2026-02-15 17:30:44,489] [INFO]   Elapsed: 4s | ETA: 4s
[2026-02-15 17:30:44,489] [INFO] [infrastructure.core.pipeline]   Elapsed: 4s | ETA: 4s
[2026-02-15 17:30:44,489] [INFO] ━━━━━━━━━━━━━━━━━━━━━━━━━━━━━━━━━━━━━━━━━━━━━━
[2026-02-15 17:30:44,489] [INFO] [infrastructure.core.pipeline] ━━━━━━━━━━━━━━━━━━━━━━━━━━━━━━━━━━━━━━━━━━━━━━
[2026-02-15 17:30:44,490] [INFO] [infrastructure.core.logging_utils] Starting: Stage 4: Project Analysis
[2026-02-15 17:30:44,490] [INFO] Running project analysis...
[2026-02-15 17:30:44,490] [INFO] [infrastructure.core.pipeline] Running project analysis...
[2026-02-15 17:30:44,672] [INFO] [infrastructure.core.logging_utils] Completed: Stage 4: Project Analysis (0.2s)
[2026-02-15 17:30:44,673] [INFO] ✓ Stage 4 completed successfully (0.2s)
[2026-02-15 17:30:44,673] [INFO] [infrastructure.core.pipeline] ✓ Stage 4 completed successfully (0.2s)
[2026-02-15 17:30:44,673] [INFO] 
[2026-02-15 17:30:44,673] [INFO] [infrastructure.core.pipeline] 
[2026-02-15 17:30:44,673] [INFO] [5/8] PDF Rendering (62% complete)
[2026-02-15 17:30:44,673] [INFO] [infrastructure.core.pipeline] [5/8] PDF Rendering (62% complete)
[2026-02-15 17:30:44,673] [INFO]   Elapsed: 4s | ETA: 2s
[2026-02-15 17:30:44,673] [INFO] [infrastructure.core.pipeline]   Elapsed: 4s | ETA: 2s
[2026-02-15 17:30:44,673] [INFO] ━━━━━━━━━━━━━━━━━━━━━━━━━━━━━━━━━━━━━━━━━━━━━━
[2026-02-15 17:30:44,673] [INFO] [infrastructure.core.pipeline] ━━━━━━━━━━━━━━━━━━━━━━━━━━━━━━━━━━━━━━━━━━━━━━
[2026-02-15 17:30:44,674] [INFO] [infrastructure.core.logging_utils] Starting: Stage 5: PDF Rendering
[2026-02-15 17:30:44,674] [INFO] Running PDF rendering...
[2026-02-15 17:30:44,674] [INFO] [infrastructure.core.pipeline] Running PDF rendering...
[2026-02-15 17:31:23,875] [INFO] [infrastructure.core.logging_utils] Completed: Stage 5: PDF Rendering (39.2s)
[2026-02-15 17:31:23,876] [INFO] ✓ Stage 5 completed successfully (39.2s)
[2026-02-15 17:31:23,876] [INFO] [infrastructure.core.pipeline] ✓ Stage 5 completed successfully (39.2s)
[2026-02-15 17:31:23,877] [INFO] 
[2026-02-15 17:31:23,877] [INFO] [infrastructure.core.pipeline] 
[2026-02-15 17:31:23,877] [INFO] [6/8] Output Validation (75% complete)
[2026-02-15 17:31:23,877] [INFO] [infrastructure.core.pipeline] [6/8] Output Validation (75% complete)
[2026-02-15 17:31:23,877] [INFO]   Elapsed: 43s | ETA: 14s
[2026-02-15 17:31:23,877] [INFO] [infrastructure.core.pipeline]   Elapsed: 43s | ETA: 14s
[2026-02-15 17:31:23,877] [INFO] ━━━━━━━━━━━━━━━━━━━━━━━━━━━━━━━━━━━━━━━━━━━━━━
[2026-02-15 17:31:23,877] [INFO] [infrastructure.core.pipeline] ━━━━━━━━━━━━━━━━━━━━━━━━━━━━━━━━━━━━━━━━━━━━━━
[2026-02-15 17:31:23,879] [INFO] [infrastructure.core.logging_utils] Starting: Stage 6: Output Validation
[2026-02-15 17:31:23,879] [INFO] Running output validation...
[2026-02-15 17:31:23,879] [INFO] [infrastructure.core.pipeline] Running output validation...
[2026-02-15 17:31:24,432] [INFO] [infrastructure.core.logging_utils] Completed: Stage 6: Output Validation (0.6s)
[2026-02-15 17:31:24,432] [INFO] ✓ Stage 6 completed successfully (0.6s)
[2026-02-15 17:31:24,432] [INFO] [infrastructure.core.pipeline] ✓ Stage 6 completed successfully (0.6s)
[2026-02-15 17:31:24,433] [INFO] 
[2026-02-15 17:31:24,433] [INFO] [infrastructure.core.pipeline] 
[2026-02-15 17:31:24,433] [INFO] [7/8] Copy Outputs (87% complete)
[2026-02-15 17:31:24,433] [INFO] [infrastructure.core.pipeline] [7/8] Copy Outputs (87% complete)
[2026-02-15 17:31:24,433] [INFO]   Elapsed: 44s | ETA: 6s
[2026-02-15 17:31:24,433] [INFO] [infrastructure.core.pipeline]   Elapsed: 44s | ETA: 6s
[2026-02-15 17:31:24,433] [INFO] ━━━━━━━━━━━━━━━━━━━━━━━━━━━━━━━━━━━━━━━━━━━━━━
[2026-02-15 17:31:24,433] [INFO] [infrastructure.core.pipeline] ━━━━━━━━━━━━━━━━━━━━━━━━━━━━━━━━━━━━━━━━━━━━━━
[2026-02-15 17:31:24,434] [INFO] [infrastructure.core.logging_utils] Starting: Stage 7: Copy Outputs
[2026-02-15 17:31:24,434] [INFO] Running output copying...
[2026-02-15 17:31:24,434] [INFO] [infrastructure.core.pipeline] Running output copying...
[2026-02-15 17:31:24,936] [INFO] [infrastructure.core.logging_utils] Completed: Stage 7: Copy Outputs (0.5s)
[2026-02-15 17:31:24,937] [INFO] ✓ Stage 7 completed successfully (0.5s)
[2026-02-15 17:31:24,937] [INFO] [infrastructure.core.pipeline] ✓ Stage 7 completed successfully (0.5s)
[2026-02-15 17:31:24,940] [INFO] [infrastructure.reporting.pipeline_reporter] Pipeline report (JSON) saved: /Users/4d/Documents/GitHub/template/projects/cognitive_integrity/cogsec_multiagent_4_applications/output/reports/pipeline_report.json
[2026-02-15 17:31:24,940] [INFO] [infrastructure.reporting.pipeline_reporter] Pipeline report (Markdown) saved: /Users/4d/Documents/GitHub/template/projects/cognitive_integrity/cogsec_multiagent_4_applications/output/reports/pipeline_report.md
[2026-02-15 17:31:24,941] [INFO] [infrastructure.reporting.pipeline_reporter] Pipeline report (HTML) saved: /Users/4d/Documents/GitHub/template/projects/cognitive_integrity/cogsec_multiagent_4_applications/output/reports/pipeline_report.html
[2026-02-15 17:31:24,941] [INFO] [infrastructure.core.logging_utils] Completed: Pipeline execution for cognitive_integrity/cogsec_multiagent_4_applications (44.8s)
[2026-02-15 17:31:24,942] [INFO] [infrastructure.reporting] Starting multi-project reporting for 5 projects...
[2026-02-15 17:31:24,942] [INFO] [infrastructure.reporting] Generating executive summary...
[2026-02-15 17:31:24,942] [INFO] [infrastructure.reporting.executive_reporter] Generating executive summary for 5 project(s)
[2026-02-15 17:31:24,942] [INFO] [infrastructure.reporting.executive_reporter] Collecting metrics for project: code_project
[2026-02-15 17:31:24,949] [INFO] [infrastructure.reporting.executive_reporter] Collecting metrics for project: cognitive_integrity/cogsec_multiagent_1_theory
[2026-02-15 17:31:25,008] [INFO] [infrastructure.reporting.executive_reporter] Collecting metrics for project: cognitive_integrity/cogsec_multiagent_2_computational
[2026-02-15 17:31:25,126] [INFO] [infrastructure.reporting.executive_reporter] Collecting metrics for project: cognitive_integrity/cogsec_multiagent_3_practical
[2026-02-15 17:31:25,167] [INFO] [infrastructure.reporting.executive_reporter] Collecting metrics for project: cognitive_integrity/cogsec_multiagent_4_applications
[2026-02-15 17:31:25,169] [INFO] [infrastructure.reporting.executive_reporter] Executive summary generated successfully
[2026-02-15 17:31:25,169] [INFO] [infrastructure.reporting] Saving summary reports...
[2026-02-15 17:31:25,170] [INFO] [infrastructure.reporting.executive_reporter] Saved JSON report: /Users/4d/Documents/GitHub/template/output/executive_summary/json/consolidated_report.json
[2026-02-15 17:31:25,170] [INFO] [infrastructure.reporting.executive_reporter] Saved Markdown report: /Users/4d/Documents/GitHub/template/output/executive_summary/md/consolidated_report.md
[2026-02-15 17:31:25,171] [INFO] [infrastructure.reporting.executive_reporter] Saved HTML report: /Users/4d/Documents/GitHub/template/output/executive_summary/html/consolidated_report.html
[2026-02-15 17:31:25,171] [INFO] [infrastructure.reporting] Generating visual dashboards...
[2026-02-15 17:31:25,171] [INFO] [infrastructure.reporting.dashboard_generator] Generating all dashboard formats...
[2026-02-15 17:31:25,171] [INFO] [infrastructure.reporting.dashboard_generator] Generating matplotlib dashboard...
[2026-02-15 17:31:26,298] [INFO] [infrastructure.reporting.dashboard_generator] Saved PNG dashboard: /Users/4d/Documents/GitHub/template/output/executive_summary/png/dashboard.png
[2026-02-15 17:31:26,693] [INFO] [infrastructure.reporting.dashboard_generator] Saved PDF dashboard: /Users/4d/Documents/GitHub/template/output/executive_summary/pdf/dashboard.pdf
[2026-02-15 17:31:26,693] [INFO] [infrastructure.reporting.dashboard_generator] Generating health score radar chart...
[2026-02-15 17:31:26,858] [INFO] [infrastructure.reporting.dashboard_generator] Health radar chart (PNG) saved: /Users/4d/Documents/GitHub/template/output/executive_summary/png/health_scores_radar.png
[2026-02-15 17:31:26,912] [INFO] [infrastructure.reporting.dashboard_generator] Health radar chart (PDF) saved: /Users/4d/Documents/GitHub/template/output/executive_summary/pdf/health_scores_radar.pdf
[2026-02-15 17:31:26,912] [INFO] [infrastructure.reporting.dashboard_generator] Generating health score comparison chart...
[2026-02-15 17:31:27,122] [INFO] [infrastructure.reporting.dashboard_generator] Health comparison chart (PNG) saved: /Users/4d/Documents/GitHub/template/output/executive_summary/png/health_scores_comparison.png
[2026-02-15 17:31:27,195] [INFO] [infrastructure.reporting.dashboard_generator] Health comparison chart (PDF) saved: /Users/4d/Documents/GitHub/template/output/executive_summary/pdf/health_scores_comparison.pdf
[2026-02-15 17:31:27,195] [INFO] [infrastructure.reporting.dashboard_generator] Generating individual project dashboards...
[2026-02-15 17:31:27,512] [INFO] [infrastructure.reporting.dashboard_generator] Project dashboard (code_project PNG) saved: /Users/4d/Documents/GitHub/template/output/executive_summary/png/project_dashboard_codeproject.png
[2026-02-15 17:31:27,621] [INFO] [infrastructure.reporting.dashboard_generator] Project dashboard (code_project PDF) saved: /Users/4d/Documents/GitHub/template/output/executive_summary/pdf/project_dashboard_codeproject.pdf
[2026-02-15 17:31:27,767] [ERROR] [infrastructure.reporting.dashboard_generator] Failed to generate project breakdowns: [Errno 2] No such file or directory: '/Users/4d/Documents/GitHub/template/output/executive_summary/png/project_dashboard_cognitiveintegrity/cogsecmultiagent1theory.png'
[2026-02-15 17:31:27,767] [INFO] [infrastructure.reporting.dashboard_generator] Generating pipeline efficiency analysis chart...
[2026-02-15 17:31:28,153] [INFO] [infrastructure.reporting.dashboard_generator] Pipeline efficiency chart (PNG) saved: /Users/4d/Documents/GitHub/template/output/executive_summary/png/pipeline_efficiency.png
[2026-02-15 17:31:28,251] [INFO] [infrastructure.reporting.dashboard_generator] Pipeline efficiency chart (PDF) saved: /Users/4d/Documents/GitHub/template/output/executive_summary/pdf/pipeline_efficiency.pdf
[2026-02-15 17:31:28,251] [INFO] [infrastructure.reporting.dashboard_generator] Generating pipeline bottlenecks chart...
[2026-02-15 17:31:28,448] [INFO] [infrastructure.reporting.dashboard_generator] Pipeline bottlenecks chart (PNG) saved: /Users/4d/Documents/GitHub/template/output/executive_summary/png/pipeline_bottlenecks.png
[2026-02-15 17:31:28,491] [INFO] [infrastructure.reporting.dashboard_generator] Pipeline bottlenecks chart (PDF) saved: /Users/4d/Documents/GitHub/template/output/executive_summary/pdf/pipeline_bottlenecks.pdf
[2026-02-15 17:31:28,491] [INFO] [infrastructure.reporting.dashboard_generator] Generating output distribution charts...
[2026-02-15 17:31:28,905] [INFO] [infrastructure.reporting.dashboard_generator] Output distribution chart (PNG) saved: /Users/4d/Documents/GitHub/template/output/executive_summary/png/output_distribution.png
[2026-02-15 17:31:29,014] [INFO] [infrastructure.reporting.dashboard_generator] Output distribution chart (PDF) saved: /Users/4d/Documents/GitHub/template/output/executive_summary/pdf/output_distribution.pdf
[2026-02-15 17:31:29,014] [INFO] [infrastructure.reporting.dashboard_generator] Generating output comparison chart...
[2026-02-15 17:31:29,199] [INFO] [infrastructure.reporting.dashboard_generator] Output comparison chart (PNG) saved: /Users/4d/Documents/GitHub/template/output/executive_summary/png/output_comparison.png
[2026-02-15 17:31:29,254] [INFO] [infrastructure.reporting.dashboard_generator] Output comparison chart (PDF) saved: /Users/4d/Documents/GitHub/template/output/executive_summary/pdf/output_comparison.pdf
[2026-02-15 17:31:29,254] [INFO] [infrastructure.reporting.dashboard_generator] Generating codebase complexity chart...
[2026-02-15 17:31:29,671] [INFO] [infrastructure.reporting.dashboard_generator] Codebase complexity chart (PNG) saved: /Users/4d/Documents/GitHub/template/output/executive_summary/png/codebase_complexity.png
[2026-02-15 17:31:29,786] [INFO] [infrastructure.reporting.dashboard_generator] Codebase complexity chart (PDF) saved: /Users/4d/Documents/GitHub/template/output/executive_summary/pdf/codebase_complexity.pdf
[2026-02-15 17:31:29,787] [INFO] [infrastructure.reporting.dashboard_generator] Generating codebase comparison chart...
[2026-02-15 17:31:30,113] [INFO] [infrastructure.reporting.dashboard_generator] Codebase comparison chart (PNG) saved: /Users/4d/Documents/GitHub/template/output/executive_summary/png/codebase_comparison.png
[2026-02-15 17:31:30,209] [INFO] [infrastructure.reporting.dashboard_generator] Codebase comparison chart (PDF) saved: /Users/4d/Documents/GitHub/template/output/executive_summary/pdf/codebase_comparison.pdf
[2026-02-15 17:31:30,251] [INFO] [infrastructure.reporting.dashboard_generator] Generating interactive plotly dashboard...
[2026-02-15 17:31:30,399] [INFO] [infrastructure.reporting.dashboard_generator] Saved interactive HTML dashboard: /Users/4d/Documents/GitHub/template/output/executive_summary/dashboard.html
[2026-02-15 17:31:30,399] [INFO] [infrastructure.reporting.dashboard_generator] Generated CSV metrics table: /Users/4d/Documents/GitHub/template/output/executive_summary/csv/project_metrics.csv
[2026-02-15 17:31:30,399] [INFO] [infrastructure.reporting.dashboard_generator] Generated CSV aggregates table: /Users/4d/Documents/GitHub/template/output/executive_summary/csv/aggregate_metrics.csv
[2026-02-15 17:31:30,400] [INFO] [infrastructure.reporting.dashboard_generator] Generated CSV health scores table: /Users/4d/Documents/GitHub/template/output/executive_summary/csv/health_scores.csv
[2026-02-15 17:31:30,400] [INFO] [infrastructure.reporting.dashboard_generator] Detailed project breakdown CSV saved: /Users/4d/Documents/GitHub/template/output/executive_summary/csv/detailed_project_breakdown.csv
[2026-02-15 17:31:30,400] [INFO] [infrastructure.reporting.dashboard_generator] Comparative analysis CSV saved: /Users/4d/Documents/GitHub/template/output/executive_summary/csv/comparative_analysis.csv
[2026-02-15 17:31:30,402] [INFO] [infrastructure.reporting.dashboard_generator] Prioritized recommendations CSV saved: /Users/4d/Documents/GitHub/template/output/executive_summary/csv/recommendations_prioritized.csv
[2026-02-15 17:31:30,402] [INFO] [infrastructure.reporting.manuscript_overview] Generating manuscript overview for code_project
[2026-02-15 17:31:30,402] [INFO] [infrastructure.reporting.manuscript_overview] Generating manuscript overview for code_project
[2026-02-15 17:31:30,468] [INFO] [infrastructure.reporting.manuscript_overview] Extracting 19 pages from code_project_combined.pdf
[2026-02-15 17:31:30,469] [WARNING] [infrastructure.reporting.manuscript_overview] Advanced rendering failed, falling back to simple rendering: reportlab and PIL required for advanced rendering
[2026-02-15 17:31:31,020] [INFO] [infrastructure.reporting.manuscript_overview] Extracted 19 page images
[2026-02-15 17:31:31,735] [INFO] [infrastructure.reporting.manuscript_overview] Saved PNG overview: /Users/4d/Documents/GitHub/template/output/executive_summary/manuscript_overview_code_project.png
[2026-02-15 17:31:31,736] [WARNING] [infrastructure.reporting.manuscript_overview] Failed to save PDF overview: reportlab required for PDF output
[2026-02-15 17:31:31,736] [INFO] [infrastructure.reporting.manuscript_overview] Generated overview files for code_project: ['manuscript_overview_code_project.png']
[2026-02-15 17:31:31,736] [WARNING] [infrastructure.reporting.manuscript_overview] Manuscript PDF not found for project cognitive_integrity/cogsec_multiagent_1_theory, skipping overview generation
[2026-02-15 17:31:31,736] [WARNING] [infrastructure.reporting.manuscript_overview] Manuscript PDF not found for project cognitive_integrity/cogsec_multiagent_2_computational, skipping overview generation
[2026-02-15 17:31:31,736] [WARNING] [infrastructure.reporting.manuscript_overview] Manuscript PDF not found for project cognitive_integrity/cogsec_multiagent_3_practical, skipping overview generation
[2026-02-15 17:31:31,736] [WARNING] [infrastructure.reporting.manuscript_overview] Manuscript PDF not found for project cognitive_integrity/cogsec_multiagent_4_applications, skipping overview generation
[2026-02-15 17:31:31,736] [INFO] [infrastructure.reporting.dashboard_generator] Generated 12 dashboard and data file(s)
[2026-02-15 17:31:31,736] [INFO] [infrastructure.reporting] Multi-project reporting complete. Generated 14 files:
[2026-02-15 17:31:31,736] [INFO] [infrastructure.reporting]   JSON: consolidated_report.json
[2026-02-15 17:31:31,737] [INFO] [infrastructure.reporting]   MARKDOWN: consolidated_report.md
[2026-02-15 17:31:31,737] [INFO] [infrastructure.reporting]   HTML: dashboard.html
[2026-02-15 17:31:31,737] [INFO] [infrastructure.reporting]   PNG: codebase_comparison.png
[2026-02-15 17:31:31,737] [INFO] [infrastructure.reporting]   PDF: codebase_comparison.pdf
[2026-02-15 17:31:31,737] [INFO] [infrastructure.reporting]   CODEPROJECT_PNG: project_dashboard_codeproject.png
[2026-02-15 17:31:31,737] [INFO] [infrastructure.reporting]   CODEPROJECT_PDF: project_dashboard_codeproject.pdf
[2026-02-15 17:31:31,737] [INFO] [infrastructure.reporting]   METRICS: project_metrics.csv
[2026-02-15 17:31:31,737] [INFO] [infrastructure.reporting]   AGGREGATES: aggregate_metrics.csv
[2026-02-15 17:31:31,737] [INFO] [infrastructure.reporting]   HEALTH: health_scores.csv
[2026-02-15 17:31:31,737] [INFO] [infrastructure.reporting]   DETAILED_BREAKDOWN_CSV: detailed_project_breakdown.csv
[2026-02-15 17:31:31,737] [INFO] [infrastructure.reporting]   COMPARATIVE_ANALYSIS_CSV: comparative_analysis.csv
[2026-02-15 17:31:31,737] [INFO] [infrastructure.reporting]   RECOMMENDATIONS_CSV: recommendations_prioritized.csv
[2026-02-15 17:31:31,737] [INFO] [infrastructure.reporting]   MANUSCRIPT_OVERVIEW_CODE_PROJECT.PNG: manuscript_overview_code_project.png
[2026-02-15 17:31:31,737] [INFO] [infrastructure.reporting.pipeline_reporter] For project code_project, proj_result type: <class 'list'>, len: 7
[2026-02-15 17:31:31,737] [INFO] [infrastructure.reporting.pipeline_reporter] For project cogsec_multiagent_1_theory, proj_result type: <class 'list'>, len: 0
[2026-02-15 17:31:31,737] [INFO] [infrastructure.reporting.pipeline_reporter] For project cogsec_multiagent_2_computational, proj_result type: <class 'list'>, len: 0
[2026-02-15 17:31:31,738] [INFO] [infrastructure.reporting.pipeline_reporter] For project cogsec_multiagent_3_practical, proj_result type: <class 'list'>, len: 0
[2026-02-15 17:31:31,738] [INFO] [infrastructure.reporting.pipeline_reporter] For project cogsec_multiagent_4_applications, proj_result type: <class 'list'>, len: 0
[2026-02-15 17:31:31,738] [INFO] [infrastructure.reporting.pipeline_reporter] Multi-project summary saved: /Users/4d/Documents/GitHub/template/output/multi_project_summary/multi_project_summary.json
[2026-02-15 17:31:31,738] [INFO] [infrastructure.reporting.pipeline_reporter] Multi-project summary saved: /Users/4d/Documents/GitHub/template/output/multi_project_summary/multi_project_summary.md

======================================================================
[2026-02-20 13:25:00] Starting: PDF Rendering
======================================================================
[2026-02-20 13:25:01] [INFO] Executing stage 'render_pdf' for project 'cogsec_multiagent_4_applications': /Users/4d/.pyenv/versions/3.12.11/bin/python3 /Users/4d/Documents/GitHub/template/scripts/03_render_pdf.py --project cogsec_multiagent_4_applications
[2026-02-20 13:25:01] [INFO] 
[2026-02-20 13:25:01] [INFO] ==================================================
[2026-02-20 13:25:01] [INFO] STAGE 03: Render PDF (Project: cogsec_multiagent_4_applications)
[2026-02-20 13:25:01] [INFO] ==================================================
[2026-02-20 13:25:01] [INFO]   Resource usage (PDF rendering stage start): Memory: 29 MB, CPU: 0.1%
[2026-02-20 13:25:01] [INFO] Executing PDF rendering pipeline for project 'cogsec_multiagent_4_applications'...
[2026-02-20 13:25:01] [INFO] Running pre-flight LaTeX package validation...
[2026-02-20 13:25:01] [INFO] Validating 12 required and 11 optional LaTeX packages...
[2026-02-20 13:25:02] [INFO] ✓ All LaTeX packages available
[2026-02-20 13:25:02] [INFO] Verifying figures from analysis stage...
[2026-02-20 13:25:02] [WARNING] ⚠️  Figures directory exists but is empty: /Users/4d/Documents/GitHub/template/projects/cogsec_multiagent_4_applications/output/figures
[2026-02-20 13:25:02] [WARNING]   ⚠️  No figures found - will render PDF with missing figures
[2026-02-20 13:25:02] [INFO] Discovered 18 manuscript file(s):
[2026-02-20 13:25:02] [INFO]   Main sections (15):
[2026-02-20 13:25:02] [INFO]     • 00_abstract.md
[2026-02-20 13:25:02] [INFO]     • 01_introduction.md
[2026-02-20 13:25:02] [INFO]     • 02_methodology.md
[2026-02-20 13:25:02] [INFO]     • 03_01_rare_earth_mining.md
[2026-02-20 13:25:02] [INFO]     • 03_02_nation_state_alliances.md
[2026-02-20 13:25:02] [INFO]     • 03_03_cyber_security.md
[2026-02-20 13:25:02] [INFO]     • 03_04_drone_wars.md
[2026-02-20 13:25:02] [INFO]     • 03_05_supply_chain.md
[2026-02-20 13:25:02] [INFO]     • 03_06_biowarfare.md
[2026-02-20 13:25:02] [INFO]     • 03_07_food_security.md
[2026-02-20 13:25:02] [INFO]     • 03_08_trade_wars.md
[2026-02-20 13:25:02] [INFO]     • 03_09_infrastructure.md
[2026-02-20 13:25:02] [INFO]     • 03_10_fake_news.md
[2026-02-20 13:25:02] [INFO]     • 04_discussion.md
[2026-02-20 13:25:02] [INFO]     • 05_conclusion.md
[2026-02-20 13:25:02] [INFO]   Supplemental (2):
[2026-02-20 13:25:02] [INFO]     • S01_notation_reference.md
[2026-02-20 13:25:02] [INFO]     • S02_real_world_incidents.md
[2026-02-20 13:25:02] [INFO]   References (1):
[2026-02-20 13:25:02] [INFO]     • 99_references.md
[2026-02-20 13:25:02] [INFO] 
============================================================
[2026-02-20 13:25:02] [INFO] MANUSCRIPT COMPOSITION - Project: cogsec_multiagent_4_applications
[2026-02-20 13:25:02] [INFO] ============================================================
[2026-02-20 13:25:02] [INFO] Markdown sections (18):
[2026-02-20 13:25:02] [INFO]   • 00_abstract.md                           (   2.8 KB)
[2026-02-20 13:25:02] [INFO]   • 01_introduction.md                       (   8.0 KB)
[2026-02-20 13:25:02] [INFO]   • 02_methodology.md                        (  10.5 KB)
[2026-02-20 13:25:02] [INFO]   • 03_01_rare_earth_mining.md               (   5.6 KB)
[2026-02-20 13:25:02] [INFO]   • 03_02_nation_state_alliances.md          (   5.9 KB)
[2026-02-20 13:25:02] [INFO]   • 03_03_cyber_security.md                  (   5.8 KB)
[2026-02-20 13:25:02] [INFO]   • 03_04_drone_wars.md                      (   6.8 KB)
[2026-02-20 13:25:02] [INFO]   • 03_05_supply_chain.md                    (   5.2 KB)
[2026-02-20 13:25:02] [INFO]   • 03_06_biowarfare.md                      (   6.7 KB)
[2026-02-20 13:25:02] [INFO]   • 03_07_food_security.md                   (   6.1 KB)
[2026-02-20 13:25:02] [INFO]   • 03_08_trade_wars.md                      (   5.1 KB)
[2026-02-20 13:25:02] [INFO]   • 03_09_infrastructure.md                  (   6.2 KB)
[2026-02-20 13:25:02] [INFO]   • 03_10_fake_news.md                       (   6.5 KB)
[2026-02-20 13:25:02] [INFO]   • 04_discussion.md                         (  25.1 KB)
[2026-02-20 13:25:02] [INFO]   • 05_conclusion.md                         (   8.0 KB)
[2026-02-20 13:25:02] [INFO]   • S01_notation_reference.md                (   5.9 KB)
[2026-02-20 13:25:02] [INFO]   • S02_real_world_incidents.md              (   9.9 KB)
[2026-02-20 13:25:02] [INFO]   • 99_references.md                         (   0.0 KB)
[2026-02-20 13:25:02] [INFO]   Total markdown:                          ( 130.1 KB)
[2026-02-20 13:25:02] [INFO] ============================================================

[2026-02-20 13:25:02] [INFO] Initialized RenderManager from infrastructure.rendering
[2026-02-20 13:25:02] [INFO]   [1/18] 00_abstract.md
[2026-02-20 13:25:02] [INFO] Rendering Markdown file: 00_abstract.md
[2026-02-20 13:25:02] [INFO] Generating beamer slides from /Users/4d/Documents/GitHub/template/projects/cogsec_multiagent_4_applications/manuscript/00_abstract.md
[2026-02-20 13:25:02] [INFO] Compiling /Users/4d/Documents/GitHub/template/projects/cogsec_multiagent_4_applications/output/slides/00_abstract_slides.tex with xelatex
[2026-02-20 13:25:05] [INFO] LaTeX compilation completed in 2.18s
[2026-02-20 13:25:05] [INFO] Generated beamer slides: 00_abstract_slides.pdf
[2026-02-20 13:25:05] [INFO] Generating HTML from /Users/4d/Documents/GitHub/template/projects/cogsec_multiagent_4_applications/manuscript/00_abstract.md
[2026-02-20 13:25:05] [INFO] Successfully rendered 2 format(s) for 00_abstract.md
[2026-02-20 13:25:05] [INFO] Generated: 00_abstract_slides.pdf
[2026-02-20 13:25:05] [INFO] Generated: 00_abstract.html
[2026-02-20 13:25:05] [INFO]     ✅ Completed in 2s
[2026-02-20 13:25:05] [INFO]   [2/18] 01_introduction.md
[2026-02-20 13:25:05] [INFO] Rendering Markdown file: 01_introduction.md
[2026-02-20 13:25:05] [INFO] Generating beamer slides from /Users/4d/Documents/GitHub/template/projects/cogsec_multiagent_4_applications/manuscript/01_introduction.md
[2026-02-20 13:25:05] [INFO] Compiling /Users/4d/Documents/GitHub/template/projects/cogsec_multiagent_4_applications/output/slides/01_introduction_slides.tex with xelatex
[2026-02-20 13:25:07] [INFO] LaTeX compilation completed in 2.10s
[2026-02-20 13:25:07] [INFO] Generated beamer slides: 01_introduction_slides.pdf
[2026-02-20 13:25:07] [INFO] Generating HTML from /Users/4d/Documents/GitHub/template/projects/cogsec_multiagent_4_applications/manuscript/01_introduction.md
[2026-02-20 13:25:07] [INFO] Successfully rendered 2 format(s) for 01_introduction.md
[2026-02-20 13:25:07] [INFO] Generated: 01_introduction_slides.pdf
[2026-02-20 13:25:07] [INFO] Generated: 01_introduction.html
[2026-02-20 13:25:07] [INFO]     ✅ Completed in 2s
[2026-02-20 13:25:07] [INFO]   [3/18] 02_methodology.md
[2026-02-20 13:25:07] [INFO] Rendering Markdown file: 02_methodology.md
[2026-02-20 13:25:07] [INFO] Generating beamer slides from /Users/4d/Documents/GitHub/template/projects/cogsec_multiagent_4_applications/manuscript/02_methodology.md
[2026-02-20 13:25:07] [INFO] Compiling /Users/4d/Documents/GitHub/template/projects/cogsec_multiagent_4_applications/output/slides/02_methodology_slides.tex with xelatex
[2026-02-20 13:25:10] [INFO] LaTeX compilation completed in 2.34s
[2026-02-20 13:25:10] [INFO] Generated beamer slides: 02_methodology_slides.pdf
[2026-02-20 13:25:10] [INFO] Generating HTML from /Users/4d/Documents/GitHub/template/projects/cogsec_multiagent_4_applications/manuscript/02_methodology.md
[2026-02-20 13:25:10] [INFO] Successfully rendered 2 format(s) for 02_methodology.md
[2026-02-20 13:25:10] [INFO] Generated: 02_methodology_slides.pdf
[2026-02-20 13:25:10] [INFO] Generated: 02_methodology.html
[2026-02-20 13:25:10] [INFO]     ✅ Completed in 2s
[2026-02-20 13:25:10] [INFO]   [4/18] 03_01_rare_earth_mining.md
[2026-02-20 13:25:10] [INFO] Rendering Markdown file: 03_01_rare_earth_mining.md
[2026-02-20 13:25:10] [INFO] Generating beamer slides from /Users/4d/Documents/GitHub/template/projects/cogsec_multiagent_4_applications/manuscript/03_01_rare_earth_mining.md
[2026-02-20 13:25:10] [INFO] Compiling /Users/4d/Documents/GitHub/template/projects/cogsec_multiagent_4_applications/output/slides/03_01_rare_earth_mining_slides.tex with xelatex
[2026-02-20 13:25:12] [INFO] LaTeX compilation completed in 2.32s
[2026-02-20 13:25:12] [INFO] Generated beamer slides: 03_01_rare_earth_mining_slides.pdf
[2026-02-20 13:25:12] [INFO] Generating HTML from /Users/4d/Documents/GitHub/template/projects/cogsec_multiagent_4_applications/manuscript/03_01_rare_earth_mining.md
[2026-02-20 13:25:12] [INFO] Successfully rendered 2 format(s) for 03_01_rare_earth_mining.md
[2026-02-20 13:25:12] [INFO] Generated: 03_01_rare_earth_mining_slides.pdf
[2026-02-20 13:25:12] [INFO] Generated: 03_01_rare_earth_mining.html
[2026-02-20 13:25:12] [INFO]     ✅ Completed in 2s
[2026-02-20 13:25:12] [INFO]   [5/18] 03_02_nation_state_alliances.md
[2026-02-20 13:25:12] [INFO] Rendering Markdown file: 03_02_nation_state_alliances.md
[2026-02-20 13:25:12] [INFO] Generating beamer slides from /Users/4d/Documents/GitHub/template/projects/cogsec_multiagent_4_applications/manuscript/03_02_nation_state_alliances.md
[2026-02-20 13:25:12] [INFO] Compiling /Users/4d/Documents/GitHub/template/projects/cogsec_multiagent_4_applications/output/slides/03_02_nation_state_alliances_slides.tex with xelatex
[2026-02-20 13:25:14] [INFO] LaTeX compilation completed in 2.15s
[2026-02-20 13:25:14] [INFO] Generated beamer slides: 03_02_nation_state_alliances_slides.pdf
[2026-02-20 13:25:14] [INFO] Generating HTML from /Users/4d/Documents/GitHub/template/projects/cogsec_multiagent_4_applications/manuscript/03_02_nation_state_alliances.md
[2026-02-20 13:25:14] [INFO] Successfully rendered 2 format(s) for 03_02_nation_state_alliances.md
[2026-02-20 13:25:14] [INFO] Generated: 03_02_nation_state_alliances_slides.pdf
[2026-02-20 13:25:14] [INFO] Generated: 03_02_nation_state_alliances.html
[2026-02-20 13:25:14] [INFO]     ✅ Completed in 2s
[2026-02-20 13:25:14] [INFO]   [6/18] 03_03_cyber_security.md
[2026-02-20 13:25:14] [INFO] Rendering Markdown file: 03_03_cyber_security.md
[2026-02-20 13:25:14] [INFO] Generating beamer slides from /Users/4d/Documents/GitHub/template/projects/cogsec_multiagent_4_applications/manuscript/03_03_cyber_security.md
[2026-02-20 13:25:14] [INFO] Compiling /Users/4d/Documents/GitHub/template/projects/cogsec_multiagent_4_applications/output/slides/03_03_cyber_security_slides.tex with xelatex
[2026-02-20 13:25:17] [INFO] LaTeX compilation completed in 2.13s
[2026-02-20 13:25:17] [INFO] Generated beamer slides: 03_03_cyber_security_slides.pdf
[2026-02-20 13:25:17] [INFO] Generating HTML from /Users/4d/Documents/GitHub/template/projects/cogsec_multiagent_4_applications/manuscript/03_03_cyber_security.md
[2026-02-20 13:25:17] [INFO] Successfully rendered 2 format(s) for 03_03_cyber_security.md
[2026-02-20 13:25:17] [INFO] Generated: 03_03_cyber_security_slides.pdf
[2026-02-20 13:25:17] [INFO] Generated: 03_03_cyber_security.html
[2026-02-20 13:25:17] [INFO]     ✅ Completed in 2s
[2026-02-20 13:25:17] [INFO]   [7/18] 03_04_drone_wars.md
[2026-02-20 13:25:17] [INFO] Rendering Markdown file: 03_04_drone_wars.md
[2026-02-20 13:25:17] [INFO] Generating beamer slides from /Users/4d/Documents/GitHub/template/projects/cogsec_multiagent_4_applications/manuscript/03_04_drone_wars.md
[2026-02-20 13:25:17] [INFO] Compiling /Users/4d/Documents/GitHub/template/projects/cogsec_multiagent_4_applications/output/slides/03_04_drone_wars_slides.tex with xelatex
[2026-02-20 13:25:19] [INFO] LaTeX compilation completed in 2.12s
[2026-02-20 13:25:19] [INFO] Generated beamer slides: 03_04_drone_wars_slides.pdf
[2026-02-20 13:25:19] [INFO] Generating HTML from /Users/4d/Documents/GitHub/template/projects/cogsec_multiagent_4_applications/manuscript/03_04_drone_wars.md
[2026-02-20 13:25:19] [INFO] Successfully rendered 2 format(s) for 03_04_drone_wars.md
[2026-02-20 13:25:19] [INFO] Generated: 03_04_drone_wars_slides.pdf
[2026-02-20 13:25:19] [INFO] Generated: 03_04_drone_wars.html
[2026-02-20 13:25:19] [INFO]     ✅ Completed in 2s
[2026-02-20 13:25:19] [INFO]   [8/18] 03_05_supply_chain.md
[2026-02-20 13:25:19] [INFO] Rendering Markdown file: 03_05_supply_chain.md
[2026-02-20 13:25:19] [INFO] Generating beamer slides from /Users/4d/Documents/GitHub/template/projects/cogsec_multiagent_4_applications/manuscript/03_05_supply_chain.md
[2026-02-20 13:25:19] [INFO] Compiling /Users/4d/Documents/GitHub/template/projects/cogsec_multiagent_4_applications/output/slides/03_05_supply_chain_slides.tex with xelatex
[2026-02-20 13:25:21] [INFO] LaTeX compilation completed in 2.14s
[2026-02-20 13:25:21] [INFO] Generated beamer slides: 03_05_supply_chain_slides.pdf
[2026-02-20 13:25:21] [INFO] Generating HTML from /Users/4d/Documents/GitHub/template/projects/cogsec_multiagent_4_applications/manuscript/03_05_supply_chain.md
[2026-02-20 13:25:21] [INFO] Successfully rendered 2 format(s) for 03_05_supply_chain.md
[2026-02-20 13:25:21] [INFO] Generated: 03_05_supply_chain_slides.pdf
[2026-02-20 13:25:21] [INFO] Generated: 03_05_supply_chain.html
[2026-02-20 13:25:21] [INFO]     ✅ Completed in 2s
[2026-02-20 13:25:21] [INFO]   [9/18] 03_06_biowarfare.md
[2026-02-20 13:25:21] [INFO] Rendering Markdown file: 03_06_biowarfare.md
[2026-02-20 13:25:21] [INFO] Generating beamer slides from /Users/4d/Documents/GitHub/template/projects/cogsec_multiagent_4_applications/manuscript/03_06_biowarfare.md
[2026-02-20 13:25:21] [INFO] Compiling /Users/4d/Documents/GitHub/template/projects/cogsec_multiagent_4_applications/output/slides/03_06_biowarfare_slides.tex with xelatex
[2026-02-20 13:25:23] [INFO] LaTeX compilation completed in 2.11s
[2026-02-20 13:25:23] [INFO] Generated beamer slides: 03_06_biowarfare_slides.pdf
[2026-02-20 13:25:23] [INFO] Generating HTML from /Users/4d/Documents/GitHub/template/projects/cogsec_multiagent_4_applications/manuscript/03_06_biowarfare.md
[2026-02-20 13:25:23] [INFO] Successfully rendered 2 format(s) for 03_06_biowarfare.md
[2026-02-20 13:25:23] [INFO] Generated: 03_06_biowarfare_slides.pdf
[2026-02-20 13:25:23] [INFO] Generated: 03_06_biowarfare.html
[2026-02-20 13:25:23] [INFO]     ✅ Completed in 2s
[2026-02-20 13:25:23] [INFO]   [10/18] 03_07_food_security.md
[2026-02-20 13:25:23] [INFO] Rendering Markdown file: 03_07_food_security.md
[2026-02-20 13:25:23] [INFO] Generating beamer slides from /Users/4d/Documents/GitHub/template/projects/cogsec_multiagent_4_applications/manuscript/03_07_food_security.md
[2026-02-20 13:25:23] [INFO] Compiling /Users/4d/Documents/GitHub/template/projects/cogsec_multiagent_4_applications/output/slides/03_07_food_security_slides.tex with xelatex
[2026-02-20 13:25:25] [INFO] LaTeX compilation completed in 2.19s
[2026-02-20 13:25:25] [INFO] Generated beamer slides: 03_07_food_security_slides.pdf
[2026-02-20 13:25:25] [INFO] Generating HTML from /Users/4d/Documents/GitHub/template/projects/cogsec_multiagent_4_applications/manuscript/03_07_food_security.md
[2026-02-20 13:25:26] [INFO] Successfully rendered 2 format(s) for 03_07_food_security.md
[2026-02-20 13:25:26] [INFO] Generated: 03_07_food_security_slides.pdf
[2026-02-20 13:25:26] [INFO] Generated: 03_07_food_security.html
[2026-02-20 13:25:26] [INFO]     ✅ Completed in 2s
[2026-02-20 13:25:26] [INFO]   [11/18] 03_08_trade_wars.md
[2026-02-20 13:25:26] [INFO] Rendering Markdown file: 03_08_trade_wars.md
[2026-02-20 13:25:26] [INFO] Generating beamer slides from /Users/4d/Documents/GitHub/template/projects/cogsec_multiagent_4_applications/manuscript/03_08_trade_wars.md
[2026-02-20 13:25:26] [INFO] Compiling /Users/4d/Documents/GitHub/template/projects/cogsec_multiagent_4_applications/output/slides/03_08_trade_wars_slides.tex with xelatex
[2026-02-20 13:25:28] [INFO] LaTeX compilation completed in 2.15s
[2026-02-20 13:25:28] [INFO] Generated beamer slides: 03_08_trade_wars_slides.pdf
[2026-02-20 13:25:28] [INFO] Generating HTML from /Users/4d/Documents/GitHub/template/projects/cogsec_multiagent_4_applications/manuscript/03_08_trade_wars.md
[2026-02-20 13:25:28] [INFO] Successfully rendered 2 format(s) for 03_08_trade_wars.md
[2026-02-20 13:25:28] [INFO] Generated: 03_08_trade_wars_slides.pdf
[2026-02-20 13:25:28] [INFO] Generated: 03_08_trade_wars.html
[2026-02-20 13:25:28] [INFO]     ✅ Completed in 2s
[2026-02-20 13:25:28] [INFO]   [12/18] 03_09_infrastructure.md
[2026-02-20 13:25:28] [INFO] Rendering Markdown file: 03_09_infrastructure.md
[2026-02-20 13:25:28] [INFO] Generating beamer slides from /Users/4d/Documents/GitHub/template/projects/cogsec_multiagent_4_applications/manuscript/03_09_infrastructure.md
[2026-02-20 13:25:28] [INFO] Compiling /Users/4d/Documents/GitHub/template/projects/cogsec_multiagent_4_applications/output/slides/03_09_infrastructure_slides.tex with xelatex
[2026-02-20 13:25:30] [INFO] LaTeX compilation completed in 2.14s
[2026-02-20 13:25:30] [INFO] Generated beamer slides: 03_09_infrastructure_slides.pdf
[2026-02-20 13:25:30] [INFO] Generating HTML from /Users/4d/Documents/GitHub/template/projects/cogsec_multiagent_4_applications/manuscript/03_09_infrastructure.md
[2026-02-20 13:25:30] [INFO] Successfully rendered 2 format(s) for 03_09_infrastructure.md
[2026-02-20 13:25:30] [INFO] Generated: 03_09_infrastructure_slides.pdf
[2026-02-20 13:25:30] [INFO] Generated: 03_09_infrastructure.html
[2026-02-20 13:25:30] [INFO]     ✅ Completed in 2s
[2026-02-20 13:25:30] [INFO]   [13/18] 03_10_fake_news.md
[2026-02-20 13:25:30] [INFO] Rendering Markdown file: 03_10_fake_news.md
[2026-02-20 13:25:30] [INFO] Generating beamer slides from /Users/4d/Documents/GitHub/template/projects/cogsec_multiagent_4_applications/manuscript/03_10_fake_news.md
[2026-02-20 13:25:30] [INFO] Compiling /Users/4d/Documents/GitHub/template/projects/cogsec_multiagent_4_applications/output/slides/03_10_fake_news_slides.tex with xelatex
[2026-02-20 13:25:32] [INFO] LaTeX compilation completed in 2.13s
[2026-02-20 13:25:32] [INFO] Generated beamer slides: 03_10_fake_news_slides.pdf
[2026-02-20 13:25:32] [INFO] Generating HTML from /Users/4d/Documents/GitHub/template/projects/cogsec_multiagent_4_applications/manuscript/03_10_fake_news.md
[2026-02-20 13:25:32] [INFO] Successfully rendered 2 format(s) for 03_10_fake_news.md
[2026-02-20 13:25:32] [INFO] Generated: 03_10_fake_news_slides.pdf
[2026-02-20 13:25:32] [INFO] Generated: 03_10_fake_news.html
[2026-02-20 13:25:32] [INFO]     ✅ Completed in 2s
[2026-02-20 13:25:32] [INFO]   [14/18] 04_discussion.md
[2026-02-20 13:25:32] [INFO] Rendering Markdown file: 04_discussion.md
[2026-02-20 13:25:32] [INFO] Generating beamer slides from /Users/4d/Documents/GitHub/template/projects/cogsec_multiagent_4_applications/manuscript/04_discussion.md
[2026-02-20 13:25:32] [INFO] Compiling /Users/4d/Documents/GitHub/template/projects/cogsec_multiagent_4_applications/output/slides/04_discussion_slides.tex with xelatex
[2026-02-20 13:25:35] [INFO] LaTeX compilation completed in 2.36s
[2026-02-20 13:25:35] [INFO] Generated beamer slides: 04_discussion_slides.pdf
[2026-02-20 13:25:35] [INFO] Generating HTML from /Users/4d/Documents/GitHub/template/projects/cogsec_multiagent_4_applications/manuscript/04_discussion.md
[2026-02-20 13:25:35] [INFO] Successfully rendered 2 format(s) for 04_discussion.md
[2026-02-20 13:25:35] [INFO] Generated: 04_discussion_slides.pdf
[2026-02-20 13:25:35] [INFO] Generated: 04_discussion.html
[2026-02-20 13:25:35] [INFO]     ✅ Completed in 2s
[2026-02-20 13:25:35] [INFO]   [15/18] 05_conclusion.md
[2026-02-20 13:25:35] [INFO] Rendering Markdown file: 05_conclusion.md
[2026-02-20 13:25:35] [INFO] Generating beamer slides from /Users/4d/Documents/GitHub/template/projects/cogsec_multiagent_4_applications/manuscript/05_conclusion.md
[2026-02-20 13:25:35] [INFO] Compiling /Users/4d/Documents/GitHub/template/projects/cogsec_multiagent_4_applications/output/slides/05_conclusion_slides.tex with xelatex
[2026-02-20 13:25:37] [INFO] LaTeX compilation completed in 2.05s
[2026-02-20 13:25:37] [INFO] Generated beamer slides: 05_conclusion_slides.pdf
[2026-02-20 13:25:37] [INFO] Generating HTML from /Users/4d/Documents/GitHub/template/projects/cogsec_multiagent_4_applications/manuscript/05_conclusion.md
[2026-02-20 13:25:37] [INFO] Successfully rendered 2 format(s) for 05_conclusion.md
[2026-02-20 13:25:37] [INFO] Generated: 05_conclusion_slides.pdf
[2026-02-20 13:25:37] [INFO] Generated: 05_conclusion.html
[2026-02-20 13:25:37] [INFO]     ✅ Completed in 2s
[2026-02-20 13:25:37] [INFO]   [16/18] S01_notation_reference.md
[2026-02-20 13:25:37] [INFO] Rendering Markdown file: S01_notation_reference.md
[2026-02-20 13:25:37] [INFO] Generating beamer slides from /Users/4d/Documents/GitHub/template/projects/cogsec_multiagent_4_applications/manuscript/S01_notation_reference.md
[2026-02-20 13:25:37] [INFO] Compiling /Users/4d/Documents/GitHub/template/projects/cogsec_multiagent_4_applications/output/slides/S01_notation_reference_slides.tex with xelatex
[2026-02-20 13:25:39] [INFO] LaTeX compilation completed in 2.22s
[2026-02-20 13:25:39] [INFO] Generated beamer slides: S01_notation_reference_slides.pdf
[2026-02-20 13:25:39] [INFO] Generating HTML from /Users/4d/Documents/GitHub/template/projects/cogsec_multiagent_4_applications/manuscript/S01_notation_reference.md
[2026-02-20 13:25:39] [INFO] Successfully rendered 2 format(s) for S01_notation_reference.md
[2026-02-20 13:25:39] [INFO] Generated: S01_notation_reference_slides.pdf
[2026-02-20 13:25:39] [INFO] Generated: S01_notation_reference.html
[2026-02-20 13:25:39] [INFO]     ✅ Completed in 2s
[2026-02-20 13:25:39] [INFO]   [17/18] S02_real_world_incidents.md
[2026-02-20 13:25:39] [INFO] Rendering Markdown file: S02_real_world_incidents.md
[2026-02-20 13:25:39] [INFO] Generating beamer slides from /Users/4d/Documents/GitHub/template/projects/cogsec_multiagent_4_applications/manuscript/S02_real_world_incidents.md
[2026-02-20 13:25:39] [INFO] Compiling /Users/4d/Documents/GitHub/template/projects/cogsec_multiagent_4_applications/output/slides/S02_real_world_incidents_slides.tex with xelatex
[2026-02-20 13:25:42] [INFO] LaTeX compilation completed in 2.21s
[2026-02-20 13:25:42] [INFO] Generated beamer slides: S02_real_world_incidents_slides.pdf
[2026-02-20 13:25:42] [INFO] Generating HTML from /Users/4d/Documents/GitHub/template/projects/cogsec_multiagent_4_applications/manuscript/S02_real_world_incidents.md
[2026-02-20 13:25:42] [INFO] Successfully rendered 2 format(s) for S02_real_world_incidents.md
[2026-02-20 13:25:42] [INFO] Generated: S02_real_world_incidents_slides.pdf
[2026-02-20 13:25:42] [INFO] Generated: S02_real_world_incidents.html
[2026-02-20 13:25:42] [INFO]     ✅ Completed in 2s
[2026-02-20 13:25:42] [INFO]   [18/18] 99_references.md
[2026-02-20 13:25:42] [INFO] Rendering Markdown file: 99_references.md
[2026-02-20 13:25:42] [INFO] Generating beamer slides from /Users/4d/Documents/GitHub/template/projects/cogsec_multiagent_4_applications/manuscript/99_references.md
[2026-02-20 13:25:42] [INFO] Compiling /Users/4d/Documents/GitHub/template/projects/cogsec_multiagent_4_applications/output/slides/99_references_slides.tex with xelatex
[2026-02-20 13:25:44] [INFO] LaTeX compilation completed in 2.04s
[2026-02-20 13:25:44] [INFO] Generated beamer slides: 99_references_slides.pdf
[2026-02-20 13:25:44] [INFO] Generating HTML from /Users/4d/Documents/GitHub/template/projects/cogsec_multiagent_4_applications/manuscript/99_references.md
[2026-02-20 13:25:44] [INFO] Successfully rendered 2 format(s) for 99_references.md
[2026-02-20 13:25:44] [INFO] Generated: 99_references_slides.pdf
[2026-02-20 13:25:44] [INFO] Generated: 99_references.html
[2026-02-20 13:25:44] [INFO]     ✅ Completed in 2s
[2026-02-20 13:25:44] [INFO] 
============================================================
[2026-02-20 13:25:44] [INFO] Generating combined PDF manuscript...
[2026-02-20 13:25:44] [INFO] Rendering combined PDF from 18 files...
[2026-02-20 13:25:44] [INFO] 
============================================================
[2026-02-20 13:25:44] [INFO] COMBINED MANUSCRIPT RENDERING
[2026-02-20 13:25:44] [INFO] ============================================================
[2026-02-20 13:25:44] [INFO] Combining 18 section(s):
[2026-02-20 13:25:44] [INFO]   [ 1/18] 00_abstract.md                           (   2.8 KB)
[2026-02-20 13:25:44] [INFO]   [ 2/18] 01_introduction.md                       (   8.0 KB)
[2026-02-20 13:25:44] [INFO]   [ 3/18] 02_methodology.md                        (  10.5 KB)
[2026-02-20 13:25:44] [INFO]   [ 4/18] 03_01_rare_earth_mining.md               (   5.6 KB)
[2026-02-20 13:25:44] [INFO]   [ 5/18] 03_02_nation_state_alliances.md          (   5.9 KB)
[2026-02-20 13:25:44] [INFO]   [ 6/18] 03_03_cyber_security.md                  (   5.8 KB)
[2026-02-20 13:25:44] [INFO]   [ 7/18] 03_04_drone_wars.md                      (   6.8 KB)
[2026-02-20 13:25:44] [INFO]   [ 8/18] 03_05_supply_chain.md                    (   5.2 KB)
[2026-02-20 13:25:44] [INFO]   [ 9/18] 03_06_biowarfare.md                      (   6.7 KB)
[2026-02-20 13:25:44] [INFO]   [10/18] 03_07_food_security.md                   (   6.1 KB)
[2026-02-20 13:25:44] [INFO]   [11/18] 03_08_trade_wars.md                      (   5.1 KB)
[2026-02-20 13:25:44] [INFO]   [12/18] 03_09_infrastructure.md                  (   6.2 KB)
[2026-02-20 13:25:44] [INFO]   [13/18] 03_10_fake_news.md                       (   6.5 KB)
[2026-02-20 13:25:44] [INFO]   [14/18] 04_discussion.md                         (  25.1 KB)
[2026-02-20 13:25:44] [INFO]   [15/18] 05_conclusion.md                         (   8.0 KB)
[2026-02-20 13:25:44] [INFO]   [16/18] S01_notation_reference.md                (   5.9 KB)
[2026-02-20 13:25:44] [INFO]   [17/18] S02_real_world_incidents.md              (   9.9 KB)
[2026-02-20 13:25:44] [INFO]   [18/18] 99_references.md                         (   0.0 KB)
[2026-02-20 13:25:44] [INFO]   Total input size:                                ( 130.1 KB)
[2026-02-20 13:25:44] [INFO] ============================================================

[2026-02-20 13:25:44] [INFO] Converting combined markdown to LaTeX...
[2026-02-20 13:25:44] [INFO] ✓ Disabled lmodern package to prevent XeLaTeX font conflicts
[2026-02-20 13:25:44] [INFO] ✓ Fixed 2 math delimiter(s)
[2026-02-20 13:25:44] [INFO] ✓ Extracted preamble from preamble.md
[2026-02-20 13:25:44] [INFO] ✓ Inserted title page (\maketitle), TOC, and newpage after \begin{document}
[2026-02-20 13:25:44] [INFO] Rendering combined manuscript to PDF: cogsec_multiagent_4_applications_combined.pdf
[2026-02-20 13:25:44] [INFO]   Source files: 18
[2026-02-20 13:25:44] [INFO]   Bibliography: references.bib
[2026-02-20 13:25:44] [INFO]   LaTeX compilation pass 1/4...
[2026-02-20 13:25:46] [INFO]   Bibliography processing...
[2026-02-20 13:25:46] [INFO] Processing bibliography with bibtex...
[2026-02-20 13:25:46] [INFO] LaTeX compilation: [██████████░░░░░░░░░░] 50%
[2026-02-20 13:25:47] [INFO] LaTeX compilation: [███████████████░░░░░] 75%
[2026-02-20 13:25:49] [INFO] LaTeX compilation: [████████████████████] 100%
[2026-02-20 13:25:50] [INFO] 
✅ Successfully combined 18 sections
[2026-02-20 13:25:50] [INFO]    Output: cogsec_multiagent_4_applications_combined.pdf
[2026-02-20 13:25:50] [INFO]    Size: 286.8 KB (0.28 MB)
[2026-02-20 13:25:50] [INFO]    Location: /Users/4d/Documents/GitHub/template/projects/cogsec_multiagent_4_applications/output/pdf
[2026-02-20 13:25:50] [INFO]    Duration: 6.50 seconds
[2026-02-20 13:25:50] [INFO] ✅ Generated combined PDF: cogsec_multiagent_4_applications_combined.pdf
[2026-02-20 13:25:50] [INFO] 
============================================================
[2026-02-20 13:25:50] [INFO] Generating combined HTML manuscript...
[2026-02-20 13:25:50] [INFO] Rendering combined HTML from 18 files...
[2026-02-20 13:25:50] [INFO] 
============================================================
[2026-02-20 13:25:50] [INFO] COMBINED HTML RENDERING
[2026-02-20 13:25:50] [INFO] ============================================================
[2026-02-20 13:25:50] [INFO] Combining 18 section(s):
[2026-02-20 13:25:50] [INFO]   [ 1/18] 00_abstract.md                           (   2.8 KB)
[2026-02-20 13:25:50] [INFO]   [ 2/18] 01_introduction.md                       (   8.0 KB)
[2026-02-20 13:25:50] [INFO]   [ 3/18] 02_methodology.md                        (  10.5 KB)
[2026-02-20 13:25:50] [INFO]   [ 4/18] 03_01_rare_earth_mining.md               (   5.6 KB)
[2026-02-20 13:25:50] [INFO]   [ 5/18] 03_02_nation_state_alliances.md          (   5.9 KB)
[2026-02-20 13:25:50] [INFO]   [ 6/18] 03_03_cyber_security.md                  (   5.8 KB)
[2026-02-20 13:25:50] [INFO]   [ 7/18] 03_04_drone_wars.md                      (   6.8 KB)
[2026-02-20 13:25:50] [INFO]   [ 8/18] 03_05_supply_chain.md                    (   5.2 KB)
[2026-02-20 13:25:50] [INFO]   [ 9/18] 03_06_biowarfare.md                      (   6.7 KB)
[2026-02-20 13:25:50] [INFO]   [10/18] 03_07_food_security.md                   (   6.1 KB)
[2026-02-20 13:25:50] [INFO]   [11/18] 03_08_trade_wars.md                      (   5.1 KB)
[2026-02-20 13:25:50] [INFO]   [12/18] 03_09_infrastructure.md                  (   6.2 KB)
[2026-02-20 13:25:50] [INFO]   [13/18] 03_10_fake_news.md                       (   6.5 KB)
[2026-02-20 13:25:50] [INFO]   [14/18] 04_discussion.md                         (  25.1 KB)
[2026-02-20 13:25:50] [INFO]   [15/18] 05_conclusion.md                         (   8.0 KB)
[2026-02-20 13:25:50] [INFO]   [16/18] S01_notation_reference.md                (   5.9 KB)
[2026-02-20 13:25:50] [INFO]   [17/18] S02_real_world_incidents.md              (   9.9 KB)
[2026-02-20 13:25:50] [INFO]   [18/18] 99_references.md                         (   0.0 KB)
[2026-02-20 13:25:50] [INFO]   Total input size:                                ( 130.1 KB)
[2026-02-20 13:25:50] [INFO] ============================================================

[2026-02-20 13:25:50] [INFO] Converting combined markdown to HTML...
[2026-02-20 13:25:51] [INFO] ✓ Embedded CSS styling in index.html
[2026-02-20 13:25:51] [INFO] ✅ Generated combined HTML: index.html
[2026-02-20 13:25:51] [INFO] 
Rendering Summary:
[2026-02-20 13:25:51] [INFO]   Individual files processed: 18
[2026-02-20 13:25:51] [INFO]   Markdown files: 18
[2026-02-20 13:25:51] [INFO] 
============================================================
[2026-02-20 13:25:51] [INFO] RENDERING RESULTS SUMMARY
[2026-02-20 13:25:51] [INFO] ============================================================
[2026-02-20 13:25:51] [INFO] Project: cogsec_multiagent_4_applications
[2026-02-20 13:25:51] [INFO] 
📕 Combined Manuscript PDF:
[2026-02-20 13:25:51] [INFO]    cogsec_multiagent_4_applications_combined.pdf    286.8 KB
[2026-02-20 13:25:51] [INFO]    Location: /Users/4d/Documents/GitHub/template/projects/cogsec_multiagent_4_applications/output/pdf/cogsec_multiagent_4_applications_combined.pdf
[2026-02-20 13:25:51] [INFO] 
🌐 Combined Manuscript HTML:
[2026-02-20 13:25:51] [INFO]    index.html                                  199.1 KB
[2026-02-20 13:25:51] [INFO]    Location: /Users/4d/Documents/GitHub/template/projects/cogsec_multiagent_4_applications/output/web/index.html
[2026-02-20 13:25:51] [INFO] 
🌐 Web Outputs (28):
[2026-02-20 13:25:51] [INFO]    00_abstract.html                              6.4 KB
[2026-02-20 13:25:51] [INFO]    01_introduction.html                         12.7 KB
[2026-02-20 13:25:51] [INFO]    02_01_rare_earth_mining.html                  6.2 KB
[2026-02-20 13:25:51] [INFO]    02_02_nation_state_alliances.html             6.1 KB
[2026-02-20 13:25:51] [INFO]    02_03_cyber_security.html                     6.0 KB
[2026-02-20 13:25:51] [INFO]    02_04_drone_wars.html                         5.8 KB
[2026-02-20 13:25:51] [INFO]    02_05_supply_chain.html                       5.9 KB
[2026-02-20 13:25:51] [INFO]    02_06_biowarfare.html                         6.0 KB
[2026-02-20 13:25:51] [INFO]    02_07_food_security.html                      5.9 KB
[2026-02-20 13:25:51] [INFO]    02_08_trade_wars.html                         6.0 KB
[2026-02-20 13:25:51] [INFO]    02_09_infrastructure.html                     5.9 KB
[2026-02-20 13:25:51] [INFO]    02_10_fake_news.html                          5.9 KB
[2026-02-20 13:25:51] [INFO]    02_methodology.html                          16.5 KB
[2026-02-20 13:25:51] [INFO]    03_01_rare_earth_mining.html                 10.8 KB
[2026-02-20 13:25:51] [INFO]    03_02_nation_state_alliances.html            11.2 KB
[2026-02-20 13:25:51] [INFO]    03_03_cyber_security.html                    11.2 KB
[2026-02-20 13:25:51] [INFO]    03_04_drone_wars.html                        12.1 KB
[2026-02-20 13:25:51] [INFO]    03_05_supply_chain.html                      10.4 KB
[2026-02-20 13:25:51] [INFO]    03_06_biowarfare.html                        12.0 KB
[2026-02-20 13:25:51] [INFO]    03_07_food_security.html                     11.3 KB
[2026-02-20 13:25:51] [INFO]    03_08_trade_wars.html                        10.0 KB
[2026-02-20 13:25:51] [INFO]    03_09_infrastructure.html                    11.2 KB
[2026-02-20 13:25:51] [INFO]    03_10_fake_news.html                         11.5 KB
[2026-02-20 13:25:51] [INFO]    04_discussion.html                           36.5 KB
[2026-02-20 13:25:51] [INFO]    05_conclusion.html                           12.6 KB
[2026-02-20 13:25:51] [INFO]    99_references.html                            3.7 KB
[2026-02-20 13:25:51] [INFO]    S01_notation_reference.html                  14.9 KB
[2026-02-20 13:25:51] [INFO]    S02_real_world_incidents.html                15.7 KB
[2026-02-20 13:25:51] [INFO] 
📊 Presentation Slides (28):
[2026-02-20 13:25:51] [INFO]    00_abstract_slides.pdf                       18.6 KB
[2026-02-20 13:25:51] [INFO]    01_introduction_slides.pdf                   40.3 KB
[2026-02-20 13:25:51] [INFO]    02_01_rare_earth_mining_slides.pdf           24.0 KB
[2026-02-20 13:25:51] [INFO]    02_02_nation_state_alliances_slides.pdf      23.6 KB
[2026-02-20 13:25:51] [INFO]    02_03_cyber_security_slides.pdf              25.8 KB
[2026-02-20 13:25:51] [INFO]    02_04_drone_wars_slides.pdf                  25.1 KB
[2026-02-20 13:25:51] [INFO]    02_05_supply_chain_slides.pdf                24.3 KB
[2026-02-20 13:25:51] [INFO]    02_06_biowarfare_slides.pdf                  26.5 KB
[2026-02-20 13:25:51] [INFO]    02_07_food_security_slides.pdf               21.0 KB
[2026-02-20 13:25:51] [INFO]    02_08_trade_wars_slides.pdf                  22.0 KB
[2026-02-20 13:25:51] [INFO]    02_09_infrastructure_slides.pdf              23.6 KB
[2026-02-20 13:25:51] [INFO]    02_10_fake_news_slides.pdf                   23.7 KB
[2026-02-20 13:25:51] [INFO]    02_methodology_slides.pdf                    37.6 KB
[2026-02-20 13:25:51] [INFO]    03_01_rare_earth_mining_slides.pdf           32.3 KB
[2026-02-20 13:25:51] [INFO]    03_02_nation_state_alliances_slides.pdf      35.4 KB
[2026-02-20 13:25:51] [INFO]    03_03_cyber_security_slides.pdf              34.7 KB
[2026-02-20 13:25:51] [INFO]    03_04_drone_wars_slides.pdf                  36.5 KB
[2026-02-20 13:25:51] [INFO]    03_05_supply_chain_slides.pdf                33.9 KB
[2026-02-20 13:25:51] [INFO]    03_06_biowarfare_slides.pdf                  34.9 KB
[2026-02-20 13:25:51] [INFO]    03_07_food_security_slides.pdf               31.7 KB
[2026-02-20 13:25:51] [INFO]    03_08_trade_wars_slides.pdf                  30.9 KB
[2026-02-20 13:25:51] [INFO]    03_09_infrastructure_slides.pdf              34.1 KB
[2026-02-20 13:25:51] [INFO]    03_10_fake_news_slides.pdf                   33.6 KB
[2026-02-20 13:25:51] [INFO]    04_discussion_slides.pdf                     55.1 KB
[2026-02-20 13:25:51] [INFO]    05_conclusion_slides.pdf                     34.6 KB
[2026-02-20 13:25:51] [INFO]    99_references_slides.pdf                      2.9 KB
[2026-02-20 13:25:51] [INFO]    S01_notation_reference_slides.pdf            33.9 KB
[2026-02-20 13:25:51] [INFO]    S02_real_world_incidents_slides.pdf          34.5 KB
[2026-02-20 13:25:51] [INFO] 
📦 Total Output Size: 486.0 KB (0.47 MB)
[2026-02-20 13:25:51] [INFO] ============================================================

[2026-02-20 13:25:51] [INFO] PDF rendering pipeline completed
[2026-02-20 13:25:51] [INFO] Verifying PDF outputs...
[2026-02-20 13:25:51] [INFO] Generated 1 PDF file(s)
[2026-02-20 13:25:51] [INFO]   📕 cogsec_multiagent_4_applications_combined.pdf (0.28 MB) ✓
[2026-02-20 13:25:51] [INFO] 
✅ Bibliography file found and will be processed
[2026-02-20 13:25:51] [INFO] 
✅ Combined manuscript PDF successfully generated!
[2026-02-20 13:25:51] [INFO]   File size: 0.28 MB
[2026-02-20 13:25:51] [INFO]   Valid PDFs: 1/1
[2026-02-20 13:25:51] [INFO] PDF rendering complete - ready for validation
[2026-02-20 13:25:51] [INFO]   Resource usage (PDF rendering stage end): Memory: 24 MB

======================================================================
[2026-02-20 13:29:41] Starting: PDF Rendering
======================================================================
[2026-02-20 13:29:41] [INFO] Executing stage 'render_pdf' for project 'cogsec_multiagent_4_applications': /Users/4d/.pyenv/versions/3.12.11/bin/python3 /Users/4d/Documents/GitHub/template/scripts/03_render_pdf.py --project cogsec_multiagent_4_applications
[2026-02-20 13:29:41] [INFO] 
[2026-02-20 13:29:41] [INFO] ==================================================
[2026-02-20 13:29:41] [INFO] STAGE 03: Render PDF (Project: cogsec_multiagent_4_applications)
[2026-02-20 13:29:41] [INFO] ==================================================
[2026-02-20 13:29:41] [INFO]   Resource usage (PDF rendering stage start): Memory: 29 MB, CPU: 0.1%
[2026-02-20 13:29:41] [INFO] Executing PDF rendering pipeline for project 'cogsec_multiagent_4_applications'...
[2026-02-20 13:29:41] [INFO] Running pre-flight LaTeX package validation...
[2026-02-20 13:29:41] [INFO] Validating 12 required and 11 optional LaTeX packages...
[2026-02-20 13:29:43] [INFO] ✓ All LaTeX packages available
[2026-02-20 13:29:43] [INFO] Verifying figures from analysis stage...
[2026-02-20 13:29:43] [WARNING] ⚠️  Figures directory exists but is empty: /Users/4d/Documents/GitHub/template/projects/cogsec_multiagent_4_applications/output/figures
[2026-02-20 13:29:43] [WARNING]   ⚠️  No figures found - will render PDF with missing figures
[2026-02-20 13:29:43] [INFO] Discovered 18 manuscript file(s):
[2026-02-20 13:29:43] [INFO]   Main sections (15):
[2026-02-20 13:29:43] [INFO]     • 00_abstract.md
[2026-02-20 13:29:43] [INFO]     • 01_introduction.md
[2026-02-20 13:29:43] [INFO]     • 02_methodology.md
[2026-02-20 13:29:43] [INFO]     • 03_01_rare_earth_mining.md
[2026-02-20 13:29:43] [INFO]     • 03_02_nation_state_alliances.md
[2026-02-20 13:29:43] [INFO]     • 03_03_cyber_security.md
[2026-02-20 13:29:43] [INFO]     • 03_04_drone_wars.md
[2026-02-20 13:29:43] [INFO]     • 03_05_supply_chain.md
[2026-02-20 13:29:43] [INFO]     • 03_06_biowarfare.md
[2026-02-20 13:29:43] [INFO]     • 03_07_food_security.md
[2026-02-20 13:29:43] [INFO]     • 03_08_trade_wars.md
[2026-02-20 13:29:43] [INFO]     • 03_09_infrastructure.md
[2026-02-20 13:29:43] [INFO]     • 03_10_fake_news.md
[2026-02-20 13:29:43] [INFO]     • 04_discussion.md
[2026-02-20 13:29:43] [INFO]     • 05_conclusion.md
[2026-02-20 13:29:43] [INFO]   Supplemental (2):
[2026-02-20 13:29:43] [INFO]     • S01_notation_reference.md
[2026-02-20 13:29:43] [INFO]     • S02_real_world_incidents.md
[2026-02-20 13:29:43] [INFO]   References (1):
[2026-02-20 13:29:43] [INFO]     • 99_references.md
[2026-02-20 13:29:43] [INFO] 
============================================================
[2026-02-20 13:29:43] [INFO] MANUSCRIPT COMPOSITION - Project: cogsec_multiagent_4_applications
[2026-02-20 13:29:43] [INFO] ============================================================
[2026-02-20 13:29:43] [INFO] Markdown sections (18):
[2026-02-20 13:29:43] [INFO]   • 00_abstract.md                           (   2.8 KB)
[2026-02-20 13:29:43] [INFO]   • 01_introduction.md                       (   8.0 KB)
[2026-02-20 13:29:43] [INFO]   • 02_methodology.md                        (  10.5 KB)
[2026-02-20 13:29:43] [INFO]   • 03_01_rare_earth_mining.md               (   5.6 KB)
[2026-02-20 13:29:43] [INFO]   • 03_02_nation_state_alliances.md          (   5.9 KB)
[2026-02-20 13:29:43] [INFO]   • 03_03_cyber_security.md                  (   5.8 KB)
[2026-02-20 13:29:43] [INFO]   • 03_04_drone_wars.md                      (   6.8 KB)
[2026-02-20 13:29:43] [INFO]   • 03_05_supply_chain.md                    (   5.2 KB)
[2026-02-20 13:29:43] [INFO]   • 03_06_biowarfare.md                      (   6.7 KB)
[2026-02-20 13:29:43] [INFO]   • 03_07_food_security.md                   (   6.1 KB)
[2026-02-20 13:29:43] [INFO]   • 03_08_trade_wars.md                      (   5.1 KB)
[2026-02-20 13:29:43] [INFO]   • 03_09_infrastructure.md                  (   6.2 KB)
[2026-02-20 13:29:43] [INFO]   • 03_10_fake_news.md                       (   6.5 KB)
[2026-02-20 13:29:43] [INFO]   • 04_discussion.md                         (  25.1 KB)
[2026-02-20 13:29:43] [INFO]   • 05_conclusion.md                         (   8.0 KB)
[2026-02-20 13:29:43] [INFO]   • S01_notation_reference.md                (   5.9 KB)
[2026-02-20 13:29:43] [INFO]   • S02_real_world_incidents.md              (  10.1 KB)
[2026-02-20 13:29:43] [INFO]   • 99_references.md                         (   0.0 KB)
[2026-02-20 13:29:43] [INFO]   Total markdown:                          ( 130.2 KB)
[2026-02-20 13:29:43] [INFO] ============================================================

[2026-02-20 13:29:43] [INFO] Initialized RenderManager from infrastructure.rendering
[2026-02-20 13:29:43] [INFO]   [1/18] 00_abstract.md
[2026-02-20 13:29:43] [INFO] Rendering Markdown file: 00_abstract.md
[2026-02-20 13:29:43] [INFO] Generating beamer slides from /Users/4d/Documents/GitHub/template/projects/cogsec_multiagent_4_applications/manuscript/00_abstract.md
[2026-02-20 13:29:43] [INFO] Compiling /Users/4d/Documents/GitHub/template/projects/cogsec_multiagent_4_applications/output/slides/00_abstract_slides.tex with xelatex
[2026-02-20 13:29:45] [INFO] LaTeX compilation completed in 2.11s
[2026-02-20 13:29:45] [INFO] Generated beamer slides: 00_abstract_slides.pdf
[2026-02-20 13:29:45] [INFO] Generating HTML from /Users/4d/Documents/GitHub/template/projects/cogsec_multiagent_4_applications/manuscript/00_abstract.md
[2026-02-20 13:29:45] [INFO] Successfully rendered 2 format(s) for 00_abstract.md
[2026-02-20 13:29:45] [INFO] Generated: 00_abstract_slides.pdf
[2026-02-20 13:29:45] [INFO] Generated: 00_abstract.html
[2026-02-20 13:29:45] [INFO]     ✅ Completed in 2s
[2026-02-20 13:29:45] [INFO]   [2/18] 01_introduction.md
[2026-02-20 13:29:45] [INFO] Rendering Markdown file: 01_introduction.md
[2026-02-20 13:29:45] [INFO] Generating beamer slides from /Users/4d/Documents/GitHub/template/projects/cogsec_multiagent_4_applications/manuscript/01_introduction.md
[2026-02-20 13:29:45] [INFO] Compiling /Users/4d/Documents/GitHub/template/projects/cogsec_multiagent_4_applications/output/slides/01_introduction_slides.tex with xelatex
[2026-02-20 13:29:47] [INFO] LaTeX compilation completed in 2.03s
[2026-02-20 13:29:47] [INFO] Generated beamer slides: 01_introduction_slides.pdf
[2026-02-20 13:29:47] [INFO] Generating HTML from /Users/4d/Documents/GitHub/template/projects/cogsec_multiagent_4_applications/manuscript/01_introduction.md
[2026-02-20 13:29:47] [INFO] Successfully rendered 2 format(s) for 01_introduction.md
[2026-02-20 13:29:47] [INFO] Generated: 01_introduction_slides.pdf
[2026-02-20 13:29:47] [INFO] Generated: 01_introduction.html
[2026-02-20 13:29:47] [INFO]     ✅ Completed in 2s
[2026-02-20 13:29:47] [INFO]   [3/18] 02_methodology.md
[2026-02-20 13:29:47] [INFO] Rendering Markdown file: 02_methodology.md
[2026-02-20 13:29:47] [INFO] Generating beamer slides from /Users/4d/Documents/GitHub/template/projects/cogsec_multiagent_4_applications/manuscript/02_methodology.md
[2026-02-20 13:29:47] [INFO] Compiling /Users/4d/Documents/GitHub/template/projects/cogsec_multiagent_4_applications/output/slides/02_methodology_slides.tex with xelatex
[2026-02-20 13:29:50] [INFO] LaTeX compilation completed in 2.23s
[2026-02-20 13:29:50] [INFO] Generated beamer slides: 02_methodology_slides.pdf
[2026-02-20 13:29:50] [INFO] Generating HTML from /Users/4d/Documents/GitHub/template/projects/cogsec_multiagent_4_applications/manuscript/02_methodology.md
[2026-02-20 13:29:50] [INFO] Successfully rendered 2 format(s) for 02_methodology.md
[2026-02-20 13:29:50] [INFO] Generated: 02_methodology_slides.pdf
[2026-02-20 13:29:50] [INFO] Generated: 02_methodology.html
[2026-02-20 13:29:50] [INFO]     ✅ Completed in 2s
[2026-02-20 13:29:50] [INFO]   [4/18] 03_01_rare_earth_mining.md
[2026-02-20 13:29:50] [INFO] Rendering Markdown file: 03_01_rare_earth_mining.md
[2026-02-20 13:29:50] [INFO] Generating beamer slides from /Users/4d/Documents/GitHub/template/projects/cogsec_multiagent_4_applications/manuscript/03_01_rare_earth_mining.md
[2026-02-20 13:29:50] [INFO] Compiling /Users/4d/Documents/GitHub/template/projects/cogsec_multiagent_4_applications/output/slides/03_01_rare_earth_mining_slides.tex with xelatex
[2026-02-20 13:29:52] [INFO] LaTeX compilation completed in 1.99s
[2026-02-20 13:29:52] [INFO] Generated beamer slides: 03_01_rare_earth_mining_slides.pdf
[2026-02-20 13:29:52] [INFO] Generating HTML from /Users/4d/Documents/GitHub/template/projects/cogsec_multiagent_4_applications/manuscript/03_01_rare_earth_mining.md
[2026-02-20 13:29:52] [INFO] Successfully rendered 2 format(s) for 03_01_rare_earth_mining.md
[2026-02-20 13:29:52] [INFO] Generated: 03_01_rare_earth_mining_slides.pdf
[2026-02-20 13:29:52] [INFO] Generated: 03_01_rare_earth_mining.html
[2026-02-20 13:29:52] [INFO]     ✅ Completed in 2s
[2026-02-20 13:29:52] [INFO]   [5/18] 03_02_nation_state_alliances.md
[2026-02-20 13:29:52] [INFO] Rendering Markdown file: 03_02_nation_state_alliances.md
[2026-02-20 13:29:52] [INFO] Generating beamer slides from /Users/4d/Documents/GitHub/template/projects/cogsec_multiagent_4_applications/manuscript/03_02_nation_state_alliances.md
[2026-02-20 13:29:52] [INFO] Compiling /Users/4d/Documents/GitHub/template/projects/cogsec_multiagent_4_applications/output/slides/03_02_nation_state_alliances_slides.tex with xelatex
[2026-02-20 13:29:54] [INFO] LaTeX compilation completed in 2.09s
[2026-02-20 13:29:54] [INFO] Generated beamer slides: 03_02_nation_state_alliances_slides.pdf
[2026-02-20 13:29:54] [INFO] Generating HTML from /Users/4d/Documents/GitHub/template/projects/cogsec_multiagent_4_applications/manuscript/03_02_nation_state_alliances.md
[2026-02-20 13:29:54] [INFO] Successfully rendered 2 format(s) for 03_02_nation_state_alliances.md
[2026-02-20 13:29:54] [INFO] Generated: 03_02_nation_state_alliances_slides.pdf
[2026-02-20 13:29:54] [INFO] Generated: 03_02_nation_state_alliances.html
[2026-02-20 13:29:54] [INFO]     ✅ Completed in 2s
[2026-02-20 13:29:54] [INFO]   [6/18] 03_03_cyber_security.md
[2026-02-20 13:29:54] [INFO] Rendering Markdown file: 03_03_cyber_security.md
[2026-02-20 13:29:54] [INFO] Generating beamer slides from /Users/4d/Documents/GitHub/template/projects/cogsec_multiagent_4_applications/manuscript/03_03_cyber_security.md
[2026-02-20 13:29:54] [INFO] Compiling /Users/4d/Documents/GitHub/template/projects/cogsec_multiagent_4_applications/output/slides/03_03_cyber_security_slides.tex with xelatex
[2026-02-20 13:29:56] [INFO] LaTeX compilation completed in 2.05s
[2026-02-20 13:29:56] [INFO] Generated beamer slides: 03_03_cyber_security_slides.pdf
[2026-02-20 13:29:56] [INFO] Generating HTML from /Users/4d/Documents/GitHub/template/projects/cogsec_multiagent_4_applications/manuscript/03_03_cyber_security.md
[2026-02-20 13:29:56] [INFO] Successfully rendered 2 format(s) for 03_03_cyber_security.md
[2026-02-20 13:29:56] [INFO] Generated: 03_03_cyber_security_slides.pdf
[2026-02-20 13:29:56] [INFO] Generated: 03_03_cyber_security.html
[2026-02-20 13:29:56] [INFO]     ✅ Completed in 2s
[2026-02-20 13:29:56] [INFO]   [7/18] 03_04_drone_wars.md
[2026-02-20 13:29:56] [INFO] Rendering Markdown file: 03_04_drone_wars.md
[2026-02-20 13:29:56] [INFO] Generating beamer slides from /Users/4d/Documents/GitHub/template/projects/cogsec_multiagent_4_applications/manuscript/03_04_drone_wars.md
[2026-02-20 13:29:56] [INFO] Compiling /Users/4d/Documents/GitHub/template/projects/cogsec_multiagent_4_applications/output/slides/03_04_drone_wars_slides.tex with xelatex
[2026-02-20 13:29:58] [INFO] LaTeX compilation completed in 2.12s
[2026-02-20 13:29:58] [INFO] Generated beamer slides: 03_04_drone_wars_slides.pdf
[2026-02-20 13:29:58] [INFO] Generating HTML from /Users/4d/Documents/GitHub/template/projects/cogsec_multiagent_4_applications/manuscript/03_04_drone_wars.md
[2026-02-20 13:29:58] [INFO] Successfully rendered 2 format(s) for 03_04_drone_wars.md
[2026-02-20 13:29:58] [INFO] Generated: 03_04_drone_wars_slides.pdf
[2026-02-20 13:29:58] [INFO] Generated: 03_04_drone_wars.html
[2026-02-20 13:29:58] [INFO]     ✅ Completed in 2s
[2026-02-20 13:29:58] [INFO]   [8/18] 03_05_supply_chain.md
[2026-02-20 13:29:58] [INFO] Rendering Markdown file: 03_05_supply_chain.md
[2026-02-20 13:29:58] [INFO] Generating beamer slides from /Users/4d/Documents/GitHub/template/projects/cogsec_multiagent_4_applications/manuscript/03_05_supply_chain.md
[2026-02-20 13:29:58] [INFO] Compiling /Users/4d/Documents/GitHub/template/projects/cogsec_multiagent_4_applications/output/slides/03_05_supply_chain_slides.tex with xelatex
[2026-02-20 13:30:00] [INFO] LaTeX compilation completed in 2.11s
[2026-02-20 13:30:00] [INFO] Generated beamer slides: 03_05_supply_chain_slides.pdf
[2026-02-20 13:30:00] [INFO] Generating HTML from /Users/4d/Documents/GitHub/template/projects/cogsec_multiagent_4_applications/manuscript/03_05_supply_chain.md
[2026-02-20 13:30:00] [INFO] Successfully rendered 2 format(s) for 03_05_supply_chain.md
[2026-02-20 13:30:00] [INFO] Generated: 03_05_supply_chain_slides.pdf
[2026-02-20 13:30:00] [INFO] Generated: 03_05_supply_chain.html
[2026-02-20 13:30:00] [INFO]     ✅ Completed in 2s
[2026-02-20 13:30:00] [INFO]   [9/18] 03_06_biowarfare.md
[2026-02-20 13:30:00] [INFO] Rendering Markdown file: 03_06_biowarfare.md
[2026-02-20 13:30:00] [INFO] Generating beamer slides from /Users/4d/Documents/GitHub/template/projects/cogsec_multiagent_4_applications/manuscript/03_06_biowarfare.md
[2026-02-20 13:30:00] [INFO] Compiling /Users/4d/Documents/GitHub/template/projects/cogsec_multiagent_4_applications/output/slides/03_06_biowarfare_slides.tex with xelatex
[2026-02-20 13:30:03] [INFO] LaTeX compilation completed in 2.14s
[2026-02-20 13:30:03] [INFO] Generated beamer slides: 03_06_biowarfare_slides.pdf
[2026-02-20 13:30:03] [INFO] Generating HTML from /Users/4d/Documents/GitHub/template/projects/cogsec_multiagent_4_applications/manuscript/03_06_biowarfare.md
[2026-02-20 13:30:03] [INFO] Successfully rendered 2 format(s) for 03_06_biowarfare.md
[2026-02-20 13:30:03] [INFO] Generated: 03_06_biowarfare_slides.pdf
[2026-02-20 13:30:03] [INFO] Generated: 03_06_biowarfare.html
[2026-02-20 13:30:03] [INFO]     ✅ Completed in 2s
[2026-02-20 13:30:03] [INFO]   [10/18] 03_07_food_security.md
[2026-02-20 13:30:03] [INFO] Rendering Markdown file: 03_07_food_security.md
[2026-02-20 13:30:03] [INFO] Generating beamer slides from /Users/4d/Documents/GitHub/template/projects/cogsec_multiagent_4_applications/manuscript/03_07_food_security.md
[2026-02-20 13:30:03] [INFO] Compiling /Users/4d/Documents/GitHub/template/projects/cogsec_multiagent_4_applications/output/slides/03_07_food_security_slides.tex with xelatex
[2026-02-20 13:30:05] [INFO] LaTeX compilation completed in 2.08s
[2026-02-20 13:30:05] [INFO] Generated beamer slides: 03_07_food_security_slides.pdf
[2026-02-20 13:30:05] [INFO] Generating HTML from /Users/4d/Documents/GitHub/template/projects/cogsec_multiagent_4_applications/manuscript/03_07_food_security.md
[2026-02-20 13:30:05] [INFO] Successfully rendered 2 format(s) for 03_07_food_security.md
[2026-02-20 13:30:05] [INFO] Generated: 03_07_food_security_slides.pdf
[2026-02-20 13:30:05] [INFO] Generated: 03_07_food_security.html
[2026-02-20 13:30:05] [INFO]     ✅ Completed in 2s
[2026-02-20 13:30:05] [INFO]   [11/18] 03_08_trade_wars.md
[2026-02-20 13:30:05] [INFO] Rendering Markdown file: 03_08_trade_wars.md
[2026-02-20 13:30:05] [INFO] Generating beamer slides from /Users/4d/Documents/GitHub/template/projects/cogsec_multiagent_4_applications/manuscript/03_08_trade_wars.md
[2026-02-20 13:30:05] [INFO] Compiling /Users/4d/Documents/GitHub/template/projects/cogsec_multiagent_4_applications/output/slides/03_08_trade_wars_slides.tex with xelatex
[2026-02-20 13:30:07] [INFO] LaTeX compilation completed in 2.01s
[2026-02-20 13:30:07] [INFO] Generated beamer slides: 03_08_trade_wars_slides.pdf
[2026-02-20 13:30:07] [INFO] Generating HTML from /Users/4d/Documents/GitHub/template/projects/cogsec_multiagent_4_applications/manuscript/03_08_trade_wars.md
[2026-02-20 13:30:07] [INFO] Successfully rendered 2 format(s) for 03_08_trade_wars.md
[2026-02-20 13:30:07] [INFO] Generated: 03_08_trade_wars_slides.pdf
[2026-02-20 13:30:07] [INFO] Generated: 03_08_trade_wars.html
[2026-02-20 13:30:07] [INFO]     ✅ Completed in 2s
[2026-02-20 13:30:07] [INFO]   [12/18] 03_09_infrastructure.md
[2026-02-20 13:30:07] [INFO] Rendering Markdown file: 03_09_infrastructure.md
[2026-02-20 13:30:07] [INFO] Generating beamer slides from /Users/4d/Documents/GitHub/template/projects/cogsec_multiagent_4_applications/manuscript/03_09_infrastructure.md
[2026-02-20 13:30:07] [INFO] Compiling /Users/4d/Documents/GitHub/template/projects/cogsec_multiagent_4_applications/output/slides/03_09_infrastructure_slides.tex with xelatex
[2026-02-20 13:30:09] [INFO] LaTeX compilation completed in 2.02s
[2026-02-20 13:30:09] [INFO] Generated beamer slides: 03_09_infrastructure_slides.pdf
[2026-02-20 13:30:09] [INFO] Generating HTML from /Users/4d/Documents/GitHub/template/projects/cogsec_multiagent_4_applications/manuscript/03_09_infrastructure.md
[2026-02-20 13:30:09] [INFO] Successfully rendered 2 format(s) for 03_09_infrastructure.md
[2026-02-20 13:30:09] [INFO] Generated: 03_09_infrastructure_slides.pdf
[2026-02-20 13:30:09] [INFO] Generated: 03_09_infrastructure.html
[2026-02-20 13:30:09] [INFO]     ✅ Completed in 2s
[2026-02-20 13:30:09] [INFO]   [13/18] 03_10_fake_news.md
[2026-02-20 13:30:09] [INFO] Rendering Markdown file: 03_10_fake_news.md
[2026-02-20 13:30:09] [INFO] Generating beamer slides from /Users/4d/Documents/GitHub/template/projects/cogsec_multiagent_4_applications/manuscript/03_10_fake_news.md
[2026-02-20 13:30:09] [INFO] Compiling /Users/4d/Documents/GitHub/template/projects/cogsec_multiagent_4_applications/output/slides/03_10_fake_news_slides.tex with xelatex
[2026-02-20 13:30:11] [INFO] LaTeX compilation completed in 2.06s
[2026-02-20 13:30:11] [INFO] Generated beamer slides: 03_10_fake_news_slides.pdf
[2026-02-20 13:30:11] [INFO] Generating HTML from /Users/4d/Documents/GitHub/template/projects/cogsec_multiagent_4_applications/manuscript/03_10_fake_news.md
[2026-02-20 13:30:11] [INFO] Successfully rendered 2 format(s) for 03_10_fake_news.md
[2026-02-20 13:30:11] [INFO] Generated: 03_10_fake_news_slides.pdf
[2026-02-20 13:30:11] [INFO] Generated: 03_10_fake_news.html
[2026-02-20 13:30:11] [INFO]     ✅ Completed in 2s
[2026-02-20 13:30:11] [INFO]   [14/18] 04_discussion.md
[2026-02-20 13:30:11] [INFO] Rendering Markdown file: 04_discussion.md
[2026-02-20 13:30:11] [INFO] Generating beamer slides from /Users/4d/Documents/GitHub/template/projects/cogsec_multiagent_4_applications/manuscript/04_discussion.md
[2026-02-20 13:30:11] [INFO] Compiling /Users/4d/Documents/GitHub/template/projects/cogsec_multiagent_4_applications/output/slides/04_discussion_slides.tex with xelatex
[2026-02-20 13:30:13] [INFO] LaTeX compilation completed in 2.22s
[2026-02-20 13:30:13] [INFO] Generated beamer slides: 04_discussion_slides.pdf
[2026-02-20 13:30:13] [INFO] Generating HTML from /Users/4d/Documents/GitHub/template/projects/cogsec_multiagent_4_applications/manuscript/04_discussion.md
[2026-02-20 13:30:14] [INFO] Successfully rendered 2 format(s) for 04_discussion.md
[2026-02-20 13:30:14] [INFO] Generated: 04_discussion_slides.pdf
[2026-02-20 13:30:14] [INFO] Generated: 04_discussion.html
[2026-02-20 13:30:14] [INFO]     ✅ Completed in 2s
[2026-02-20 13:30:14] [INFO]   [15/18] 05_conclusion.md
[2026-02-20 13:30:14] [INFO] Rendering Markdown file: 05_conclusion.md
[2026-02-20 13:30:14] [INFO] Generating beamer slides from /Users/4d/Documents/GitHub/template/projects/cogsec_multiagent_4_applications/manuscript/05_conclusion.md
[2026-02-20 13:30:14] [INFO] Compiling /Users/4d/Documents/GitHub/template/projects/cogsec_multiagent_4_applications/output/slides/05_conclusion_slides.tex with xelatex
[2026-02-20 13:30:16] [INFO] LaTeX compilation completed in 2.05s
[2026-02-20 13:30:16] [INFO] Generated beamer slides: 05_conclusion_slides.pdf
[2026-02-20 13:30:16] [INFO] Generating HTML from /Users/4d/Documents/GitHub/template/projects/cogsec_multiagent_4_applications/manuscript/05_conclusion.md
[2026-02-20 13:30:16] [INFO] Successfully rendered 2 format(s) for 05_conclusion.md
[2026-02-20 13:30:16] [INFO] Generated: 05_conclusion_slides.pdf
[2026-02-20 13:30:16] [INFO] Generated: 05_conclusion.html
[2026-02-20 13:30:16] [INFO]     ✅ Completed in 2s
[2026-02-20 13:30:16] [INFO]   [16/18] S01_notation_reference.md
[2026-02-20 13:30:16] [INFO] Rendering Markdown file: S01_notation_reference.md
[2026-02-20 13:30:16] [INFO] Generating beamer slides from /Users/4d/Documents/GitHub/template/projects/cogsec_multiagent_4_applications/manuscript/S01_notation_reference.md
[2026-02-20 13:30:16] [INFO] Compiling /Users/4d/Documents/GitHub/template/projects/cogsec_multiagent_4_applications/output/slides/S01_notation_reference_slides.tex with xelatex
[2026-02-20 13:30:18] [INFO] LaTeX compilation completed in 2.08s
[2026-02-20 13:30:18] [INFO] Generated beamer slides: S01_notation_reference_slides.pdf
[2026-02-20 13:30:18] [INFO] Generating HTML from /Users/4d/Documents/GitHub/template/projects/cogsec_multiagent_4_applications/manuscript/S01_notation_reference.md
[2026-02-20 13:30:18] [INFO] Successfully rendered 2 format(s) for S01_notation_reference.md
[2026-02-20 13:30:18] [INFO] Generated: S01_notation_reference_slides.pdf
[2026-02-20 13:30:18] [INFO] Generated: S01_notation_reference.html
[2026-02-20 13:30:18] [INFO]     ✅ Completed in 2s
[2026-02-20 13:30:18] [INFO]   [17/18] S02_real_world_incidents.md
[2026-02-20 13:30:18] [INFO] Rendering Markdown file: S02_real_world_incidents.md
[2026-02-20 13:30:18] [INFO] Generating beamer slides from /Users/4d/Documents/GitHub/template/projects/cogsec_multiagent_4_applications/manuscript/S02_real_world_incidents.md
[2026-02-20 13:30:18] [INFO] Compiling /Users/4d/Documents/GitHub/template/projects/cogsec_multiagent_4_applications/output/slides/S02_real_world_incidents_slides.tex with xelatex
[2026-02-20 13:30:20] [INFO] LaTeX compilation completed in 2.10s
[2026-02-20 13:30:20] [INFO] Generated beamer slides: S02_real_world_incidents_slides.pdf
[2026-02-20 13:30:20] [INFO] Generating HTML from /Users/4d/Documents/GitHub/template/projects/cogsec_multiagent_4_applications/manuscript/S02_real_world_incidents.md
[2026-02-20 13:30:20] [INFO] Successfully rendered 2 format(s) for S02_real_world_incidents.md
[2026-02-20 13:30:20] [INFO] Generated: S02_real_world_incidents_slides.pdf
[2026-02-20 13:30:20] [INFO] Generated: S02_real_world_incidents.html
[2026-02-20 13:30:20] [INFO]     ✅ Completed in 2s
[2026-02-20 13:30:20] [INFO]   [18/18] 99_references.md
[2026-02-20 13:30:20] [INFO] Rendering Markdown file: 99_references.md
[2026-02-20 13:30:20] [INFO] Generating beamer slides from /Users/4d/Documents/GitHub/template/projects/cogsec_multiagent_4_applications/manuscript/99_references.md
[2026-02-20 13:30:20] [INFO] Compiling /Users/4d/Documents/GitHub/template/projects/cogsec_multiagent_4_applications/output/slides/99_references_slides.tex with xelatex
[2026-02-20 13:30:22] [INFO] LaTeX compilation completed in 1.92s
[2026-02-20 13:30:22] [INFO] Generated beamer slides: 99_references_slides.pdf
[2026-02-20 13:30:22] [INFO] Generating HTML from /Users/4d/Documents/GitHub/template/projects/cogsec_multiagent_4_applications/manuscript/99_references.md
[2026-02-20 13:30:22] [INFO] Successfully rendered 2 format(s) for 99_references.md
[2026-02-20 13:30:22] [INFO] Generated: 99_references_slides.pdf
[2026-02-20 13:30:22] [INFO] Generated: 99_references.html
[2026-02-20 13:30:22] [INFO]     ✅ Completed in 1s
[2026-02-20 13:30:22] [INFO] 
============================================================
[2026-02-20 13:30:22] [INFO] Generating combined PDF manuscript...
[2026-02-20 13:30:22] [INFO] Rendering combined PDF from 18 files...
[2026-02-20 13:30:22] [INFO] 
============================================================
[2026-02-20 13:30:22] [INFO] COMBINED MANUSCRIPT RENDERING
[2026-02-20 13:30:22] [INFO] ============================================================
[2026-02-20 13:30:22] [INFO] Combining 18 section(s):
[2026-02-20 13:30:22] [INFO]   [ 1/18] 00_abstract.md                           (   2.8 KB)
[2026-02-20 13:30:22] [INFO]   [ 2/18] 01_introduction.md                       (   8.0 KB)
[2026-02-20 13:30:22] [INFO]   [ 3/18] 02_methodology.md                        (  10.5 KB)
[2026-02-20 13:30:22] [INFO]   [ 4/18] 03_01_rare_earth_mining.md               (   5.6 KB)
[2026-02-20 13:30:22] [INFO]   [ 5/18] 03_02_nation_state_alliances.md          (   5.9 KB)
[2026-02-20 13:30:22] [INFO]   [ 6/18] 03_03_cyber_security.md                  (   5.8 KB)
[2026-02-20 13:30:22] [INFO]   [ 7/18] 03_04_drone_wars.md                      (   6.8 KB)
[2026-02-20 13:30:22] [INFO]   [ 8/18] 03_05_supply_chain.md                    (   5.2 KB)
[2026-02-20 13:30:22] [INFO]   [ 9/18] 03_06_biowarfare.md                      (   6.7 KB)
[2026-02-20 13:30:22] [INFO]   [10/18] 03_07_food_security.md                   (   6.1 KB)
[2026-02-20 13:30:22] [INFO]   [11/18] 03_08_trade_wars.md                      (   5.1 KB)
[2026-02-20 13:30:22] [INFO]   [12/18] 03_09_infrastructure.md                  (   6.2 KB)
[2026-02-20 13:30:22] [INFO]   [13/18] 03_10_fake_news.md                       (   6.5 KB)
[2026-02-20 13:30:22] [INFO]   [14/18] 04_discussion.md                         (  25.1 KB)
[2026-02-20 13:30:22] [INFO]   [15/18] 05_conclusion.md                         (   8.0 KB)
[2026-02-20 13:30:22] [INFO]   [16/18] S01_notation_reference.md                (   5.9 KB)
[2026-02-20 13:30:22] [INFO]   [17/18] S02_real_world_incidents.md              (  10.1 KB)
[2026-02-20 13:30:22] [INFO]   [18/18] 99_references.md                         (   0.0 KB)
[2026-02-20 13:30:22] [INFO]   Total input size:                                ( 130.2 KB)
[2026-02-20 13:30:22] [INFO] ============================================================

[2026-02-20 13:30:22] [INFO] Converting combined markdown to LaTeX...
[2026-02-20 13:30:22] [INFO] ✓ Disabled lmodern package to prevent XeLaTeX font conflicts
[2026-02-20 13:30:22] [INFO] ✓ Fixed 2 math delimiter(s)
[2026-02-20 13:30:22] [INFO] ✓ Extracted preamble from preamble.md
[2026-02-20 13:30:22] [INFO] ✓ Inserted title page (\maketitle), TOC, and newpage after \begin{document}
[2026-02-20 13:30:22] [INFO] Rendering combined manuscript to PDF: cogsec_multiagent_4_applications_combined.pdf
[2026-02-20 13:30:22] [INFO]   Source files: 18
[2026-02-20 13:30:22] [INFO]   Bibliography: references.bib
[2026-02-20 13:30:22] [INFO]   LaTeX compilation pass 1/4...
[2026-02-20 13:30:24] [INFO]   Bibliography processing...
[2026-02-20 13:30:24] [INFO] Processing bibliography with bibtex...
[2026-02-20 13:30:24] [INFO] LaTeX compilation: [██████████░░░░░░░░░░] 50%
[2026-02-20 13:30:25] [INFO] LaTeX compilation: [███████████████░░░░░] 75%
[2026-02-20 13:30:27] [INFO] LaTeX compilation: [████████████████████] 100%
[2026-02-20 13:30:29] [INFO] 
✅ Successfully combined 18 sections
[2026-02-20 13:30:29] [INFO]    Output: cogsec_multiagent_4_applications_combined.pdf
[2026-02-20 13:30:29] [INFO]    Size: 286.9 KB (0.28 MB)
[2026-02-20 13:30:29] [INFO]    Location: /Users/4d/Documents/GitHub/template/projects/cogsec_multiagent_4_applications/output/pdf
[2026-02-20 13:30:29] [INFO]    Duration: 6.35 seconds
[2026-02-20 13:30:29] [INFO] ✅ Generated combined PDF: cogsec_multiagent_4_applications_combined.pdf
[2026-02-20 13:30:29] [INFO] 
============================================================
[2026-02-20 13:30:29] [INFO] Generating combined HTML manuscript...
[2026-02-20 13:30:29] [INFO] Rendering combined HTML from 18 files...
[2026-02-20 13:30:29] [INFO] 
============================================================
[2026-02-20 13:30:29] [INFO] COMBINED HTML RENDERING
[2026-02-20 13:30:29] [INFO] ============================================================
[2026-02-20 13:30:29] [INFO] Combining 18 section(s):
[2026-02-20 13:30:29] [INFO]   [ 1/18] 00_abstract.md                           (   2.8 KB)
[2026-02-20 13:30:29] [INFO]   [ 2/18] 01_introduction.md                       (   8.0 KB)
[2026-02-20 13:30:29] [INFO]   [ 3/18] 02_methodology.md                        (  10.5 KB)
[2026-02-20 13:30:29] [INFO]   [ 4/18] 03_01_rare_earth_mining.md               (   5.6 KB)
[2026-02-20 13:30:29] [INFO]   [ 5/18] 03_02_nation_state_alliances.md          (   5.9 KB)
[2026-02-20 13:30:29] [INFO]   [ 6/18] 03_03_cyber_security.md                  (   5.8 KB)
[2026-02-20 13:30:29] [INFO]   [ 7/18] 03_04_drone_wars.md                      (   6.8 KB)
[2026-02-20 13:30:29] [INFO]   [ 8/18] 03_05_supply_chain.md                    (   5.2 KB)
[2026-02-20 13:30:29] [INFO]   [ 9/18] 03_06_biowarfare.md                      (   6.7 KB)
[2026-02-20 13:30:29] [INFO]   [10/18] 03_07_food_security.md                   (   6.1 KB)
[2026-02-20 13:30:29] [INFO]   [11/18] 03_08_trade_wars.md                      (   5.1 KB)
[2026-02-20 13:30:29] [INFO]   [12/18] 03_09_infrastructure.md                  (   6.2 KB)
[2026-02-20 13:30:29] [INFO]   [13/18] 03_10_fake_news.md                       (   6.5 KB)
[2026-02-20 13:30:29] [INFO]   [14/18] 04_discussion.md                         (  25.1 KB)
[2026-02-20 13:30:29] [INFO]   [15/18] 05_conclusion.md                         (   8.0 KB)
[2026-02-20 13:30:29] [INFO]   [16/18] S01_notation_reference.md                (   5.9 KB)
[2026-02-20 13:30:29] [INFO]   [17/18] S02_real_world_incidents.md              (  10.1 KB)
[2026-02-20 13:30:29] [INFO]   [18/18] 99_references.md                         (   0.0 KB)
[2026-02-20 13:30:29] [INFO]   Total input size:                                ( 130.2 KB)
[2026-02-20 13:30:29] [INFO] ============================================================

[2026-02-20 13:30:29] [INFO] Converting combined markdown to HTML...
[2026-02-20 13:30:29] [INFO] ✓ Embedded CSS styling in index.html
[2026-02-20 13:30:29] [INFO] ✅ Generated combined HTML: index.html
[2026-02-20 13:30:29] [INFO] 
Rendering Summary:
[2026-02-20 13:30:29] [INFO]   Individual files processed: 18
[2026-02-20 13:30:29] [INFO]   Markdown files: 18
[2026-02-20 13:30:29] [INFO] 
============================================================
[2026-02-20 13:30:29] [INFO] RENDERING RESULTS SUMMARY
[2026-02-20 13:30:29] [INFO] ============================================================
[2026-02-20 13:30:29] [INFO] Project: cogsec_multiagent_4_applications
[2026-02-20 13:30:29] [INFO] 
📕 Combined Manuscript PDF:
[2026-02-20 13:30:29] [INFO]    cogsec_multiagent_4_applications_combined.pdf    286.9 KB
[2026-02-20 13:30:29] [INFO]    Location: /Users/4d/Documents/GitHub/template/projects/cogsec_multiagent_4_applications/output/pdf/cogsec_multiagent_4_applications_combined.pdf
[2026-02-20 13:30:29] [INFO] 
🌐 Combined Manuscript HTML:
[2026-02-20 13:30:29] [INFO]    index.html                                  199.1 KB
[2026-02-20 13:30:29] [INFO]    Location: /Users/4d/Documents/GitHub/template/projects/cogsec_multiagent_4_applications/output/web/index.html
[2026-02-20 13:30:29] [INFO] 
🌐 Web Outputs (28):
[2026-02-20 13:30:29] [INFO]    00_abstract.html                              6.4 KB
[2026-02-20 13:30:29] [INFO]    01_introduction.html                         12.7 KB
[2026-02-20 13:30:29] [INFO]    02_01_rare_earth_mining.html                  6.2 KB
[2026-02-20 13:30:29] [INFO]    02_02_nation_state_alliances.html             6.1 KB
[2026-02-20 13:30:29] [INFO]    02_03_cyber_security.html                     6.0 KB
[2026-02-20 13:30:29] [INFO]    02_04_drone_wars.html                         5.8 KB
[2026-02-20 13:30:29] [INFO]    02_05_supply_chain.html                       5.9 KB
[2026-02-20 13:30:29] [INFO]    02_06_biowarfare.html                         6.0 KB
[2026-02-20 13:30:29] [INFO]    02_07_food_security.html                      5.9 KB
[2026-02-20 13:30:29] [INFO]    02_08_trade_wars.html                         6.0 KB
[2026-02-20 13:30:29] [INFO]    02_09_infrastructure.html                     5.9 KB
[2026-02-20 13:30:29] [INFO]    02_10_fake_news.html                          5.9 KB
[2026-02-20 13:30:29] [INFO]    02_methodology.html                          16.5 KB
[2026-02-20 13:30:29] [INFO]    03_01_rare_earth_mining.html                 10.8 KB
[2026-02-20 13:30:29] [INFO]    03_02_nation_state_alliances.html            11.2 KB
[2026-02-20 13:30:29] [INFO]    03_03_cyber_security.html                    11.2 KB
[2026-02-20 13:30:29] [INFO]    03_04_drone_wars.html                        12.1 KB
[2026-02-20 13:30:29] [INFO]    03_05_supply_chain.html                      10.4 KB
[2026-02-20 13:30:29] [INFO]    03_06_biowarfare.html                        12.0 KB
[2026-02-20 13:30:29] [INFO]    03_07_food_security.html                     11.3 KB
[2026-02-20 13:30:29] [INFO]    03_08_trade_wars.html                        10.0 KB
[2026-02-20 13:30:29] [INFO]    03_09_infrastructure.html                    11.2 KB
[2026-02-20 13:30:29] [INFO]    03_10_fake_news.html                         11.5 KB
[2026-02-20 13:30:29] [INFO]    04_discussion.html                           36.5 KB
[2026-02-20 13:30:29] [INFO]    05_conclusion.html                           12.6 KB
[2026-02-20 13:30:29] [INFO]    99_references.html                            3.7 KB
[2026-02-20 13:30:29] [INFO]    S01_notation_reference.html                  14.9 KB
[2026-02-20 13:30:29] [INFO]    S02_real_world_incidents.html                15.6 KB
[2026-02-20 13:30:29] [INFO] 
📊 Presentation Slides (28):
[2026-02-20 13:30:29] [INFO]    00_abstract_slides.pdf                       18.6 KB
[2026-02-20 13:30:29] [INFO]    01_introduction_slides.pdf                   40.3 KB
[2026-02-20 13:30:29] [INFO]    02_01_rare_earth_mining_slides.pdf           24.0 KB
[2026-02-20 13:30:29] [INFO]    02_02_nation_state_alliances_slides.pdf      23.6 KB
[2026-02-20 13:30:29] [INFO]    02_03_cyber_security_slides.pdf              25.8 KB
[2026-02-20 13:30:29] [INFO]    02_04_drone_wars_slides.pdf                  25.1 KB
[2026-02-20 13:30:29] [INFO]    02_05_supply_chain_slides.pdf                24.3 KB
[2026-02-20 13:30:29] [INFO]    02_06_biowarfare_slides.pdf                  26.5 KB
[2026-02-20 13:30:29] [INFO]    02_07_food_security_slides.pdf               21.0 KB
[2026-02-20 13:30:29] [INFO]    02_08_trade_wars_slides.pdf                  22.0 KB
[2026-02-20 13:30:29] [INFO]    02_09_infrastructure_slides.pdf              23.6 KB
[2026-02-20 13:30:29] [INFO]    02_10_fake_news_slides.pdf                   23.7 KB
[2026-02-20 13:30:29] [INFO]    02_methodology_slides.pdf                    37.6 KB
[2026-02-20 13:30:29] [INFO]    03_01_rare_earth_mining_slides.pdf           32.3 KB
[2026-02-20 13:30:29] [INFO]    03_02_nation_state_alliances_slides.pdf      35.4 KB
[2026-02-20 13:30:29] [INFO]    03_03_cyber_security_slides.pdf              34.7 KB
[2026-02-20 13:30:29] [INFO]    03_04_drone_wars_slides.pdf                  36.5 KB
[2026-02-20 13:30:29] [INFO]    03_05_supply_chain_slides.pdf                33.9 KB
[2026-02-20 13:30:29] [INFO]    03_06_biowarfare_slides.pdf                  34.9 KB
[2026-02-20 13:30:29] [INFO]    03_07_food_security_slides.pdf               31.7 KB
[2026-02-20 13:30:29] [INFO]    03_08_trade_wars_slides.pdf                  30.9 KB
[2026-02-20 13:30:29] [INFO]    03_09_infrastructure_slides.pdf              34.1 KB
[2026-02-20 13:30:29] [INFO]    03_10_fake_news_slides.pdf                   33.6 KB
[2026-02-20 13:30:29] [INFO]    04_discussion_slides.pdf                     55.1 KB
[2026-02-20 13:30:29] [INFO]    05_conclusion_slides.pdf                     34.6 KB
[2026-02-20 13:30:29] [INFO]    99_references_slides.pdf                      2.9 KB
[2026-02-20 13:30:29] [INFO]    S01_notation_reference_slides.pdf            33.9 KB
[2026-02-20 13:30:29] [INFO]    S02_real_world_incidents_slides.pdf          40.9 KB
[2026-02-20 13:30:29] [INFO] 
📦 Total Output Size: 486.0 KB (0.47 MB)
[2026-02-20 13:30:29] [INFO] ============================================================

[2026-02-20 13:30:29] [INFO] PDF rendering pipeline completed
[2026-02-20 13:30:29] [INFO] Verifying PDF outputs...
[2026-02-20 13:30:29] [INFO] Generated 1 PDF file(s)
[2026-02-20 13:30:29] [INFO]   📕 cogsec_multiagent_4_applications_combined.pdf (0.28 MB) ✓
[2026-02-20 13:30:29] [INFO] 
✅ Bibliography file found and will be processed
[2026-02-20 13:30:29] [INFO] 
✅ Combined manuscript PDF successfully generated!
[2026-02-20 13:30:29] [INFO]   File size: 0.28 MB
[2026-02-20 13:30:29] [INFO]   Valid PDFs: 1/1
[2026-02-20 13:30:29] [INFO] PDF rendering complete - ready for validation
[2026-02-20 13:30:29] [INFO]   Resource usage (PDF rendering stage end): Memory: 25 MB

======================================================================
[2026-02-20 13:37:57] Starting: PDF Rendering
======================================================================
[2026-02-20 13:37:57] [INFO] Executing stage 'render_pdf' for project 'cogsec_multiagent_4_applications': /Users/4d/.pyenv/versions/3.12.11/bin/python3 /Users/4d/Documents/GitHub/template/scripts/03_render_pdf.py --project cogsec_multiagent_4_applications
[2026-02-20 13:37:58] [INFO] 
[2026-02-20 13:37:58] [INFO] ==================================================
[2026-02-20 13:37:58] [INFO] STAGE 03: Render PDF (Project: cogsec_multiagent_4_applications)
[2026-02-20 13:37:58] [INFO] ==================================================
[2026-02-20 13:37:58] [INFO]   Resource usage (PDF rendering stage start): Memory: 29 MB, CPU: 0.1%
[2026-02-20 13:37:58] [INFO] Executing PDF rendering pipeline for project 'cogsec_multiagent_4_applications'...
[2026-02-20 13:37:58] [INFO] Running pre-flight LaTeX package validation...
[2026-02-20 13:37:58] [INFO] Validating 12 required and 11 optional LaTeX packages...
[2026-02-20 13:38:00] [INFO] ✓ All LaTeX packages available
[2026-02-20 13:38:00] [INFO] Verifying figures from analysis stage...
[2026-02-20 13:38:00] [WARNING] ⚠️  Figures directory exists but is empty: /Users/4d/Documents/GitHub/template/projects/cogsec_multiagent_4_applications/output/figures
[2026-02-20 13:38:00] [WARNING]   ⚠️  No figures found - will render PDF with missing figures
[2026-02-20 13:38:00] [INFO] Discovered 18 manuscript file(s):
[2026-02-20 13:38:00] [INFO]   Main sections (15):
[2026-02-20 13:38:00] [INFO]     • 00_abstract.md
[2026-02-20 13:38:00] [INFO]     • 01_introduction.md
[2026-02-20 13:38:00] [INFO]     • 02_methodology.md
[2026-02-20 13:38:00] [INFO]     • 03_01_rare_earth_mining.md
[2026-02-20 13:38:00] [INFO]     • 03_02_nation_state_alliances.md
[2026-02-20 13:38:00] [INFO]     • 03_03_cyber_security.md
[2026-02-20 13:38:00] [INFO]     • 03_04_drone_wars.md
[2026-02-20 13:38:00] [INFO]     • 03_05_supply_chain.md
[2026-02-20 13:38:00] [INFO]     • 03_06_biowarfare.md
[2026-02-20 13:38:00] [INFO]     • 03_07_food_security.md
[2026-02-20 13:38:00] [INFO]     • 03_08_trade_wars.md
[2026-02-20 13:38:00] [INFO]     • 03_09_infrastructure.md
[2026-02-20 13:38:00] [INFO]     • 03_10_fake_news.md
[2026-02-20 13:38:00] [INFO]     • 04_discussion.md
[2026-02-20 13:38:00] [INFO]     • 05_conclusion.md
[2026-02-20 13:38:00] [INFO]   Supplemental (2):
[2026-02-20 13:38:00] [INFO]     • S01_notation_reference.md
[2026-02-20 13:38:00] [INFO]     • S02_real_world_incidents.md
[2026-02-20 13:38:00] [INFO]   References (1):
[2026-02-20 13:38:00] [INFO]     • 99_references.md
[2026-02-20 13:38:00] [INFO] 
============================================================
[2026-02-20 13:38:00] [INFO] MANUSCRIPT COMPOSITION - Project: cogsec_multiagent_4_applications
[2026-02-20 13:38:00] [INFO] ============================================================
[2026-02-20 13:38:00] [INFO] Markdown sections (18):
[2026-02-20 13:38:00] [INFO]   • 00_abstract.md                           (   2.8 KB)
[2026-02-20 13:38:00] [INFO]   • 01_introduction.md                       (   8.0 KB)
[2026-02-20 13:38:00] [INFO]   • 02_methodology.md                        (  10.5 KB)
[2026-02-20 13:38:00] [INFO]   • 03_01_rare_earth_mining.md               (   5.6 KB)
[2026-02-20 13:38:00] [INFO]   • 03_02_nation_state_alliances.md          (   5.9 KB)
[2026-02-20 13:38:00] [INFO]   • 03_03_cyber_security.md                  (   5.8 KB)
[2026-02-20 13:38:00] [INFO]   • 03_04_drone_wars.md                      (   6.8 KB)
[2026-02-20 13:38:00] [INFO]   • 03_05_supply_chain.md                    (   5.2 KB)
[2026-02-20 13:38:00] [INFO]   • 03_06_biowarfare.md                      (   6.7 KB)
[2026-02-20 13:38:00] [INFO]   • 03_07_food_security.md                   (   6.1 KB)
[2026-02-20 13:38:00] [INFO]   • 03_08_trade_wars.md                      (   5.1 KB)
[2026-02-20 13:38:00] [INFO]   • 03_09_infrastructure.md                  (   6.2 KB)
[2026-02-20 13:38:00] [INFO]   • 03_10_fake_news.md                       (   6.5 KB)
[2026-02-20 13:38:00] [INFO]   • 04_discussion.md                         (  25.1 KB)
[2026-02-20 13:38:00] [INFO]   • 05_conclusion.md                         (   8.0 KB)
[2026-02-20 13:38:00] [INFO]   • S01_notation_reference.md                (   5.9 KB)
[2026-02-20 13:38:00] [INFO]   • S02_real_world_incidents.md              (  10.1 KB)
[2026-02-20 13:38:00] [INFO]   • 99_references.md                         (   0.0 KB)
[2026-02-20 13:38:00] [INFO]   Total markdown:                          ( 130.3 KB)
[2026-02-20 13:38:00] [INFO] ============================================================

[2026-02-20 13:38:00] [INFO] Initialized RenderManager from infrastructure.rendering
[2026-02-20 13:38:00] [INFO]   [1/18] 00_abstract.md
[2026-02-20 13:38:00] [INFO] Rendering Markdown file: 00_abstract.md
[2026-02-20 13:38:00] [INFO] Generating beamer slides from /Users/4d/Documents/GitHub/template/projects/cogsec_multiagent_4_applications/manuscript/00_abstract.md
[2026-02-20 13:38:00] [INFO] Compiling /Users/4d/Documents/GitHub/template/projects/cogsec_multiagent_4_applications/output/slides/00_abstract_slides.tex with xelatex
[2026-02-20 13:38:02] [INFO] LaTeX compilation completed in 2.32s
[2026-02-20 13:38:02] [INFO] Generated beamer slides: 00_abstract_slides.pdf
[2026-02-20 13:38:02] [INFO] Generating HTML from /Users/4d/Documents/GitHub/template/projects/cogsec_multiagent_4_applications/manuscript/00_abstract.md
[2026-02-20 13:38:02] [INFO] Successfully rendered 2 format(s) for 00_abstract.md
[2026-02-20 13:38:02] [INFO] Generated: 00_abstract_slides.pdf
[2026-02-20 13:38:02] [INFO] Generated: 00_abstract.html
[2026-02-20 13:38:02] [INFO]     ✅ Completed in 2s
[2026-02-20 13:38:02] [INFO]   [2/18] 01_introduction.md
[2026-02-20 13:38:02] [INFO] Rendering Markdown file: 01_introduction.md
[2026-02-20 13:38:02] [INFO] Generating beamer slides from /Users/4d/Documents/GitHub/template/projects/cogsec_multiagent_4_applications/manuscript/01_introduction.md
[2026-02-20 13:38:02] [INFO] Compiling /Users/4d/Documents/GitHub/template/projects/cogsec_multiagent_4_applications/output/slides/01_introduction_slides.tex with xelatex
[2026-02-20 13:38:05] [INFO] LaTeX compilation completed in 2.21s
[2026-02-20 13:38:05] [INFO] Generated beamer slides: 01_introduction_slides.pdf
[2026-02-20 13:38:05] [INFO] Generating HTML from /Users/4d/Documents/GitHub/template/projects/cogsec_multiagent_4_applications/manuscript/01_introduction.md
[2026-02-20 13:38:05] [INFO] Successfully rendered 2 format(s) for 01_introduction.md
[2026-02-20 13:38:05] [INFO] Generated: 01_introduction_slides.pdf
[2026-02-20 13:38:05] [INFO] Generated: 01_introduction.html
[2026-02-20 13:38:05] [INFO]     ✅ Completed in 2s
[2026-02-20 13:38:05] [INFO]   [3/18] 02_methodology.md
[2026-02-20 13:38:05] [INFO] Rendering Markdown file: 02_methodology.md
[2026-02-20 13:38:05] [INFO] Generating beamer slides from /Users/4d/Documents/GitHub/template/projects/cogsec_multiagent_4_applications/manuscript/02_methodology.md
[2026-02-20 13:38:05] [INFO] Compiling /Users/4d/Documents/GitHub/template/projects/cogsec_multiagent_4_applications/output/slides/02_methodology_slides.tex with xelatex
[2026-02-20 13:38:07] [INFO] LaTeX compilation completed in 2.36s
[2026-02-20 13:38:07] [INFO] Generated beamer slides: 02_methodology_slides.pdf
[2026-02-20 13:38:07] [INFO] Generating HTML from /Users/4d/Documents/GitHub/template/projects/cogsec_multiagent_4_applications/manuscript/02_methodology.md
[2026-02-20 13:38:07] [INFO] Successfully rendered 2 format(s) for 02_methodology.md
[2026-02-20 13:38:07] [INFO] Generated: 02_methodology_slides.pdf
[2026-02-20 13:38:07] [INFO] Generated: 02_methodology.html
[2026-02-20 13:38:07] [INFO]     ✅ Completed in 2s
[2026-02-20 13:38:07] [INFO]   [4/18] 03_01_rare_earth_mining.md
[2026-02-20 13:38:07] [INFO] Rendering Markdown file: 03_01_rare_earth_mining.md
[2026-02-20 13:38:07] [INFO] Generating beamer slides from /Users/4d/Documents/GitHub/template/projects/cogsec_multiagent_4_applications/manuscript/03_01_rare_earth_mining.md
[2026-02-20 13:38:07] [INFO] Compiling /Users/4d/Documents/GitHub/template/projects/cogsec_multiagent_4_applications/output/slides/03_01_rare_earth_mining_slides.tex with xelatex
[2026-02-20 13:38:09] [INFO] LaTeX compilation completed in 2.21s
[2026-02-20 13:38:09] [INFO] Generated beamer slides: 03_01_rare_earth_mining_slides.pdf
[2026-02-20 13:38:09] [INFO] Generating HTML from /Users/4d/Documents/GitHub/template/projects/cogsec_multiagent_4_applications/manuscript/03_01_rare_earth_mining.md
[2026-02-20 13:38:09] [INFO] Successfully rendered 2 format(s) for 03_01_rare_earth_mining.md
[2026-02-20 13:38:09] [INFO] Generated: 03_01_rare_earth_mining_slides.pdf
[2026-02-20 13:38:09] [INFO] Generated: 03_01_rare_earth_mining.html
[2026-02-20 13:38:09] [INFO]     ✅ Completed in 2s
[2026-02-20 13:38:09] [INFO]   [5/18] 03_02_nation_state_alliances.md
[2026-02-20 13:38:09] [INFO] Rendering Markdown file: 03_02_nation_state_alliances.md
[2026-02-20 13:38:09] [INFO] Generating beamer slides from /Users/4d/Documents/GitHub/template/projects/cogsec_multiagent_4_applications/manuscript/03_02_nation_state_alliances.md
[2026-02-20 13:38:10] [INFO] Compiling /Users/4d/Documents/GitHub/template/projects/cogsec_multiagent_4_applications/output/slides/03_02_nation_state_alliances_slides.tex with xelatex
[2026-02-20 13:38:12] [INFO] LaTeX compilation completed in 2.23s
[2026-02-20 13:38:12] [INFO] Generated beamer slides: 03_02_nation_state_alliances_slides.pdf
[2026-02-20 13:38:12] [INFO] Generating HTML from /Users/4d/Documents/GitHub/template/projects/cogsec_multiagent_4_applications/manuscript/03_02_nation_state_alliances.md
[2026-02-20 13:38:12] [INFO] Successfully rendered 2 format(s) for 03_02_nation_state_alliances.md
[2026-02-20 13:38:12] [INFO] Generated: 03_02_nation_state_alliances_slides.pdf
[2026-02-20 13:38:12] [INFO] Generated: 03_02_nation_state_alliances.html
[2026-02-20 13:38:12] [INFO]     ✅ Completed in 2s
[2026-02-20 13:38:12] [INFO]   [6/18] 03_03_cyber_security.md
[2026-02-20 13:38:12] [INFO] Rendering Markdown file: 03_03_cyber_security.md
[2026-02-20 13:38:12] [INFO] Generating beamer slides from /Users/4d/Documents/GitHub/template/projects/cogsec_multiagent_4_applications/manuscript/03_03_cyber_security.md
[2026-02-20 13:38:12] [INFO] Compiling /Users/4d/Documents/GitHub/template/projects/cogsec_multiagent_4_applications/output/slides/03_03_cyber_security_slides.tex with xelatex
[2026-02-20 13:38:14] [INFO] LaTeX compilation completed in 2.27s
[2026-02-20 13:38:14] [INFO] Generated beamer slides: 03_03_cyber_security_slides.pdf
[2026-02-20 13:38:14] [INFO] Generating HTML from /Users/4d/Documents/GitHub/template/projects/cogsec_multiagent_4_applications/manuscript/03_03_cyber_security.md
[2026-02-20 13:38:14] [INFO] Successfully rendered 2 format(s) for 03_03_cyber_security.md
[2026-02-20 13:38:14] [INFO] Generated: 03_03_cyber_security_slides.pdf
[2026-02-20 13:38:14] [INFO] Generated: 03_03_cyber_security.html
[2026-02-20 13:38:14] [INFO]     ✅ Completed in 2s
[2026-02-20 13:38:14] [INFO]   [7/18] 03_04_drone_wars.md
[2026-02-20 13:38:14] [INFO] Rendering Markdown file: 03_04_drone_wars.md
[2026-02-20 13:38:14] [INFO] Generating beamer slides from /Users/4d/Documents/GitHub/template/projects/cogsec_multiagent_4_applications/manuscript/03_04_drone_wars.md
[2026-02-20 13:38:14] [INFO] Compiling /Users/4d/Documents/GitHub/template/projects/cogsec_multiagent_4_applications/output/slides/03_04_drone_wars_slides.tex with xelatex
[2026-02-20 13:38:17] [INFO] LaTeX compilation completed in 2.34s
[2026-02-20 13:38:17] [INFO] Generated beamer slides: 03_04_drone_wars_slides.pdf
[2026-02-20 13:38:17] [INFO] Generating HTML from /Users/4d/Documents/GitHub/template/projects/cogsec_multiagent_4_applications/manuscript/03_04_drone_wars.md
[2026-02-20 13:38:17] [INFO] Successfully rendered 2 format(s) for 03_04_drone_wars.md
[2026-02-20 13:38:17] [INFO] Generated: 03_04_drone_wars_slides.pdf
[2026-02-20 13:38:17] [INFO] Generated: 03_04_drone_wars.html
[2026-02-20 13:38:17] [INFO]     ✅ Completed in 2s
[2026-02-20 13:38:17] [INFO]   [8/18] 03_05_supply_chain.md
[2026-02-20 13:38:17] [INFO] Rendering Markdown file: 03_05_supply_chain.md
[2026-02-20 13:38:17] [INFO] Generating beamer slides from /Users/4d/Documents/GitHub/template/projects/cogsec_multiagent_4_applications/manuscript/03_05_supply_chain.md
[2026-02-20 13:38:17] [INFO] Compiling /Users/4d/Documents/GitHub/template/projects/cogsec_multiagent_4_applications/output/slides/03_05_supply_chain_slides.tex with xelatex
[2026-02-20 13:38:19] [INFO] LaTeX compilation completed in 2.27s
[2026-02-20 13:38:19] [INFO] Generated beamer slides: 03_05_supply_chain_slides.pdf
[2026-02-20 13:38:19] [INFO] Generating HTML from /Users/4d/Documents/GitHub/template/projects/cogsec_multiagent_4_applications/manuscript/03_05_supply_chain.md
[2026-02-20 13:38:19] [INFO] Successfully rendered 2 format(s) for 03_05_supply_chain.md
[2026-02-20 13:38:19] [INFO] Generated: 03_05_supply_chain_slides.pdf
[2026-02-20 13:38:19] [INFO] Generated: 03_05_supply_chain.html
[2026-02-20 13:38:19] [INFO]     ✅ Completed in 2s
[2026-02-20 13:38:19] [INFO]   [9/18] 03_06_biowarfare.md
[2026-02-20 13:38:19] [INFO] Rendering Markdown file: 03_06_biowarfare.md
[2026-02-20 13:38:19] [INFO] Generating beamer slides from /Users/4d/Documents/GitHub/template/projects/cogsec_multiagent_4_applications/manuscript/03_06_biowarfare.md
[2026-02-20 13:38:19] [INFO] Compiling /Users/4d/Documents/GitHub/template/projects/cogsec_multiagent_4_applications/output/slides/03_06_biowarfare_slides.tex with xelatex
[2026-02-20 13:38:21] [INFO] LaTeX compilation completed in 2.24s
[2026-02-20 13:38:21] [INFO] Generated beamer slides: 03_06_biowarfare_slides.pdf
[2026-02-20 13:38:21] [INFO] Generating HTML from /Users/4d/Documents/GitHub/template/projects/cogsec_multiagent_4_applications/manuscript/03_06_biowarfare.md
[2026-02-20 13:38:21] [INFO] Successfully rendered 2 format(s) for 03_06_biowarfare.md
[2026-02-20 13:38:21] [INFO] Generated: 03_06_biowarfare_slides.pdf
[2026-02-20 13:38:21] [INFO] Generated: 03_06_biowarfare.html
[2026-02-20 13:38:21] [INFO]     ✅ Completed in 2s
[2026-02-20 13:38:21] [INFO]   [10/18] 03_07_food_security.md
[2026-02-20 13:38:21] [INFO] Rendering Markdown file: 03_07_food_security.md
[2026-02-20 13:38:21] [INFO] Generating beamer slides from /Users/4d/Documents/GitHub/template/projects/cogsec_multiagent_4_applications/manuscript/03_07_food_security.md
[2026-02-20 13:38:21] [INFO] Compiling /Users/4d/Documents/GitHub/template/projects/cogsec_multiagent_4_applications/output/slides/03_07_food_security_slides.tex with xelatex
[2026-02-20 13:38:24] [INFO] LaTeX compilation completed in 2.26s
[2026-02-20 13:38:24] [INFO] Generated beamer slides: 03_07_food_security_slides.pdf
[2026-02-20 13:38:24] [INFO] Generating HTML from /Users/4d/Documents/GitHub/template/projects/cogsec_multiagent_4_applications/manuscript/03_07_food_security.md
[2026-02-20 13:38:24] [INFO] Successfully rendered 2 format(s) for 03_07_food_security.md
[2026-02-20 13:38:24] [INFO] Generated: 03_07_food_security_slides.pdf
[2026-02-20 13:38:24] [INFO] Generated: 03_07_food_security.html
[2026-02-20 13:38:24] [INFO]     ✅ Completed in 2s
[2026-02-20 13:38:24] [INFO]   [11/18] 03_08_trade_wars.md
[2026-02-20 13:38:24] [INFO] Rendering Markdown file: 03_08_trade_wars.md
[2026-02-20 13:38:24] [INFO] Generating beamer slides from /Users/4d/Documents/GitHub/template/projects/cogsec_multiagent_4_applications/manuscript/03_08_trade_wars.md
[2026-02-20 13:38:24] [INFO] Compiling /Users/4d/Documents/GitHub/template/projects/cogsec_multiagent_4_applications/output/slides/03_08_trade_wars_slides.tex with xelatex
[2026-02-20 13:38:26] [INFO] LaTeX compilation completed in 2.35s
[2026-02-20 13:38:26] [INFO] Generated beamer slides: 03_08_trade_wars_slides.pdf
[2026-02-20 13:38:26] [INFO] Generating HTML from /Users/4d/Documents/GitHub/template/projects/cogsec_multiagent_4_applications/manuscript/03_08_trade_wars.md
[2026-02-20 13:38:26] [INFO] Successfully rendered 2 format(s) for 03_08_trade_wars.md
[2026-02-20 13:38:26] [INFO] Generated: 03_08_trade_wars_slides.pdf
[2026-02-20 13:38:26] [INFO] Generated: 03_08_trade_wars.html
[2026-02-20 13:38:26] [INFO]     ✅ Completed in 2s
[2026-02-20 13:38:26] [INFO]   [12/18] 03_09_infrastructure.md
[2026-02-20 13:38:26] [INFO] Rendering Markdown file: 03_09_infrastructure.md
[2026-02-20 13:38:26] [INFO] Generating beamer slides from /Users/4d/Documents/GitHub/template/projects/cogsec_multiagent_4_applications/manuscript/03_09_infrastructure.md
[2026-02-20 13:38:26] [INFO] Compiling /Users/4d/Documents/GitHub/template/projects/cogsec_multiagent_4_applications/output/slides/03_09_infrastructure_slides.tex with xelatex
[2026-02-20 13:38:29] [INFO] LaTeX compilation completed in 2.35s
[2026-02-20 13:38:29] [INFO] Generated beamer slides: 03_09_infrastructure_slides.pdf
[2026-02-20 13:38:29] [INFO] Generating HTML from /Users/4d/Documents/GitHub/template/projects/cogsec_multiagent_4_applications/manuscript/03_09_infrastructure.md
[2026-02-20 13:38:29] [INFO] Successfully rendered 2 format(s) for 03_09_infrastructure.md
[2026-02-20 13:38:29] [INFO] Generated: 03_09_infrastructure_slides.pdf
[2026-02-20 13:38:29] [INFO] Generated: 03_09_infrastructure.html
[2026-02-20 13:38:29] [INFO]     ✅ Completed in 2s
[2026-02-20 13:38:29] [INFO]   [13/18] 03_10_fake_news.md
[2026-02-20 13:38:29] [INFO] Rendering Markdown file: 03_10_fake_news.md
[2026-02-20 13:38:29] [INFO] Generating beamer slides from /Users/4d/Documents/GitHub/template/projects/cogsec_multiagent_4_applications/manuscript/03_10_fake_news.md
[2026-02-20 13:38:29] [INFO] Compiling /Users/4d/Documents/GitHub/template/projects/cogsec_multiagent_4_applications/output/slides/03_10_fake_news_slides.tex with xelatex
[2026-02-20 13:38:31] [INFO] LaTeX compilation completed in 2.29s
[2026-02-20 13:38:31] [INFO] Generated beamer slides: 03_10_fake_news_slides.pdf
[2026-02-20 13:38:31] [INFO] Generating HTML from /Users/4d/Documents/GitHub/template/projects/cogsec_multiagent_4_applications/manuscript/03_10_fake_news.md
[2026-02-20 13:38:31] [INFO] Successfully rendered 2 format(s) for 03_10_fake_news.md
[2026-02-20 13:38:31] [INFO] Generated: 03_10_fake_news_slides.pdf
[2026-02-20 13:38:31] [INFO] Generated: 03_10_fake_news.html
[2026-02-20 13:38:31] [INFO]     ✅ Completed in 2s
[2026-02-20 13:38:31] [INFO]   [14/18] 04_discussion.md
[2026-02-20 13:38:31] [INFO] Rendering Markdown file: 04_discussion.md
[2026-02-20 13:38:31] [INFO] Generating beamer slides from /Users/4d/Documents/GitHub/template/projects/cogsec_multiagent_4_applications/manuscript/04_discussion.md
[2026-02-20 13:38:31] [INFO] Compiling /Users/4d/Documents/GitHub/template/projects/cogsec_multiagent_4_applications/output/slides/04_discussion_slides.tex with xelatex
[2026-02-20 13:38:34] [INFO] LaTeX compilation completed in 3.09s
[2026-02-20 13:38:34] [INFO] Generated beamer slides: 04_discussion_slides.pdf
[2026-02-20 13:38:34] [INFO] Generating HTML from /Users/4d/Documents/GitHub/template/projects/cogsec_multiagent_4_applications/manuscript/04_discussion.md
[2026-02-20 13:38:34] [INFO] Successfully rendered 2 format(s) for 04_discussion.md
[2026-02-20 13:38:34] [INFO] Generated: 04_discussion_slides.pdf
[2026-02-20 13:38:34] [INFO] Generated: 04_discussion.html
[2026-02-20 13:38:34] [INFO]     ✅ Completed in 3s
[2026-02-20 13:38:34] [INFO]   [15/18] 05_conclusion.md
[2026-02-20 13:38:34] [INFO] Rendering Markdown file: 05_conclusion.md
[2026-02-20 13:38:34] [INFO] Generating beamer slides from /Users/4d/Documents/GitHub/template/projects/cogsec_multiagent_4_applications/manuscript/05_conclusion.md
[2026-02-20 13:38:34] [INFO] Compiling /Users/4d/Documents/GitHub/template/projects/cogsec_multiagent_4_applications/output/slides/05_conclusion_slides.tex with xelatex
[2026-02-20 13:38:37] [INFO] LaTeX compilation completed in 2.46s
[2026-02-20 13:38:37] [INFO] Generated beamer slides: 05_conclusion_slides.pdf
[2026-02-20 13:38:37] [INFO] Generating HTML from /Users/4d/Documents/GitHub/template/projects/cogsec_multiagent_4_applications/manuscript/05_conclusion.md
[2026-02-20 13:38:37] [INFO] Successfully rendered 2 format(s) for 05_conclusion.md
[2026-02-20 13:38:37] [INFO] Generated: 05_conclusion_slides.pdf
[2026-02-20 13:38:37] [INFO] Generated: 05_conclusion.html
[2026-02-20 13:38:37] [INFO]     ✅ Completed in 2s
[2026-02-20 13:38:37] [INFO]   [16/18] S01_notation_reference.md
[2026-02-20 13:38:37] [INFO] Rendering Markdown file: S01_notation_reference.md
[2026-02-20 13:38:37] [INFO] Generating beamer slides from /Users/4d/Documents/GitHub/template/projects/cogsec_multiagent_4_applications/manuscript/S01_notation_reference.md
[2026-02-20 13:38:37] [INFO] Compiling /Users/4d/Documents/GitHub/template/projects/cogsec_multiagent_4_applications/output/slides/S01_notation_reference_slides.tex with xelatex
[2026-02-20 13:38:39] [INFO] LaTeX compilation completed in 2.39s
[2026-02-20 13:38:39] [INFO] Generated beamer slides: S01_notation_reference_slides.pdf
[2026-02-20 13:38:39] [INFO] Generating HTML from /Users/4d/Documents/GitHub/template/projects/cogsec_multiagent_4_applications/manuscript/S01_notation_reference.md
[2026-02-20 13:38:39] [INFO] Successfully rendered 2 format(s) for S01_notation_reference.md
[2026-02-20 13:38:39] [INFO] Generated: S01_notation_reference_slides.pdf
[2026-02-20 13:38:39] [INFO] Generated: S01_notation_reference.html
[2026-02-20 13:38:39] [INFO]     ✅ Completed in 2s
[2026-02-20 13:38:39] [INFO]   [17/18] S02_real_world_incidents.md
[2026-02-20 13:38:39] [INFO] Rendering Markdown file: S02_real_world_incidents.md
[2026-02-20 13:38:39] [INFO] Generating beamer slides from /Users/4d/Documents/GitHub/template/projects/cogsec_multiagent_4_applications/manuscript/S02_real_world_incidents.md
[2026-02-20 13:38:39] [INFO] Compiling /Users/4d/Documents/GitHub/template/projects/cogsec_multiagent_4_applications/output/slides/S02_real_world_incidents_slides.tex with xelatex
[2026-02-20 13:38:42] [INFO] LaTeX compilation completed in 2.30s
[2026-02-20 13:38:42] [INFO] Generated beamer slides: S02_real_world_incidents_slides.pdf
[2026-02-20 13:38:42] [INFO] Generating HTML from /Users/4d/Documents/GitHub/template/projects/cogsec_multiagent_4_applications/manuscript/S02_real_world_incidents.md
[2026-02-20 13:38:42] [INFO] Successfully rendered 2 format(s) for S02_real_world_incidents.md
[2026-02-20 13:38:42] [INFO] Generated: S02_real_world_incidents_slides.pdf
[2026-02-20 13:38:42] [INFO] Generated: S02_real_world_incidents.html
[2026-02-20 13:38:42] [INFO]     ✅ Completed in 2s
[2026-02-20 13:38:42] [INFO]   [18/18] 99_references.md
[2026-02-20 13:38:42] [INFO] Rendering Markdown file: 99_references.md
[2026-02-20 13:38:42] [INFO] Generating beamer slides from /Users/4d/Documents/GitHub/template/projects/cogsec_multiagent_4_applications/manuscript/99_references.md
[2026-02-20 13:38:42] [INFO] Compiling /Users/4d/Documents/GitHub/template/projects/cogsec_multiagent_4_applications/output/slides/99_references_slides.tex with xelatex
[2026-02-20 13:38:44] [INFO] LaTeX compilation completed in 2.12s
[2026-02-20 13:38:44] [INFO] Generated beamer slides: 99_references_slides.pdf
[2026-02-20 13:38:44] [INFO] Generating HTML from /Users/4d/Documents/GitHub/template/projects/cogsec_multiagent_4_applications/manuscript/99_references.md
[2026-02-20 13:38:44] [INFO] Successfully rendered 2 format(s) for 99_references.md
[2026-02-20 13:38:44] [INFO] Generated: 99_references_slides.pdf
[2026-02-20 13:38:44] [INFO] Generated: 99_references.html
[2026-02-20 13:38:44] [INFO]     ✅ Completed in 2s
[2026-02-20 13:38:44] [INFO] 
============================================================
[2026-02-20 13:38:44] [INFO] Generating combined PDF manuscript...
[2026-02-20 13:38:44] [INFO] Rendering combined PDF from 18 files...
[2026-02-20 13:38:44] [INFO] 
============================================================
[2026-02-20 13:38:44] [INFO] COMBINED MANUSCRIPT RENDERING
[2026-02-20 13:38:44] [INFO] ============================================================
[2026-02-20 13:38:44] [INFO] Combining 18 section(s):
[2026-02-20 13:38:44] [INFO]   [ 1/18] 00_abstract.md                           (   2.8 KB)
[2026-02-20 13:38:44] [INFO]   [ 2/18] 01_introduction.md                       (   8.0 KB)
[2026-02-20 13:38:44] [INFO]   [ 3/18] 02_methodology.md                        (  10.5 KB)
[2026-02-20 13:38:44] [INFO]   [ 4/18] 03_01_rare_earth_mining.md               (   5.6 KB)
[2026-02-20 13:38:44] [INFO]   [ 5/18] 03_02_nation_state_alliances.md          (   5.9 KB)
[2026-02-20 13:38:44] [INFO]   [ 6/18] 03_03_cyber_security.md                  (   5.8 KB)
[2026-02-20 13:38:44] [INFO]   [ 7/18] 03_04_drone_wars.md                      (   6.8 KB)
[2026-02-20 13:38:44] [INFO]   [ 8/18] 03_05_supply_chain.md                    (   5.2 KB)
[2026-02-20 13:38:44] [INFO]   [ 9/18] 03_06_biowarfare.md                      (   6.7 KB)
[2026-02-20 13:38:44] [INFO]   [10/18] 03_07_food_security.md                   (   6.1 KB)
[2026-02-20 13:38:44] [INFO]   [11/18] 03_08_trade_wars.md                      (   5.1 KB)
[2026-02-20 13:38:44] [INFO]   [12/18] 03_09_infrastructure.md                  (   6.2 KB)
[2026-02-20 13:38:44] [INFO]   [13/18] 03_10_fake_news.md                       (   6.5 KB)
[2026-02-20 13:38:44] [INFO]   [14/18] 04_discussion.md                         (  25.1 KB)
[2026-02-20 13:38:44] [INFO]   [15/18] 05_conclusion.md                         (   8.0 KB)
[2026-02-20 13:38:44] [INFO]   [16/18] S01_notation_reference.md                (   5.9 KB)
[2026-02-20 13:38:44] [INFO]   [17/18] S02_real_world_incidents.md              (  10.1 KB)
[2026-02-20 13:38:44] [INFO]   [18/18] 99_references.md                         (   0.0 KB)
[2026-02-20 13:38:44] [INFO]   Total input size:                                ( 130.3 KB)
[2026-02-20 13:38:44] [INFO] ============================================================

[2026-02-20 13:38:44] [INFO] Converting combined markdown to LaTeX...
[2026-02-20 13:38:44] [INFO] ✓ Disabled lmodern package to prevent XeLaTeX font conflicts
[2026-02-20 13:38:44] [INFO] ✓ Fixed 2 math delimiter(s)
[2026-02-20 13:38:44] [INFO] ✓ Extracted preamble from preamble.md
[2026-02-20 13:38:44] [INFO] ✓ Inserted title page (\maketitle), TOC, and newpage after \begin{document}
[2026-02-20 13:38:44] [INFO] Rendering combined manuscript to PDF: cogsec_multiagent_4_applications_combined.pdf
[2026-02-20 13:38:44] [INFO]   Source files: 18
[2026-02-20 13:38:44] [INFO]   Bibliography: references.bib
[2026-02-20 13:38:44] [INFO]   LaTeX compilation pass 1/4...
[2026-02-20 13:38:46] [INFO]   Bibliography processing...
[2026-02-20 13:38:46] [INFO] Processing bibliography with bibtex...
[2026-02-20 13:38:46] [INFO] LaTeX compilation: [██████████░░░░░░░░░░] 50%
[2026-02-20 13:38:48] [INFO] LaTeX compilation: [███████████████░░░░░] 75%
[2026-02-20 13:38:49] [INFO] LaTeX compilation: [████████████████████] 100%
[2026-02-20 13:38:51] [INFO] 
✅ Successfully combined 18 sections
[2026-02-20 13:38:51] [INFO]    Output: cogsec_multiagent_4_applications_combined.pdf
[2026-02-20 13:38:51] [INFO]    Size: 287.1 KB (0.28 MB)
[2026-02-20 13:38:51] [INFO]    Location: /Users/4d/Documents/GitHub/template/projects/cogsec_multiagent_4_applications/output/pdf
[2026-02-20 13:38:51] [INFO]    Duration: 7.17 seconds
[2026-02-20 13:38:51] [INFO] ✅ Generated combined PDF: cogsec_multiagent_4_applications_combined.pdf
[2026-02-20 13:38:51] [INFO] 
============================================================
[2026-02-20 13:38:51] [INFO] Generating combined HTML manuscript...
[2026-02-20 13:38:51] [INFO] Rendering combined HTML from 18 files...
[2026-02-20 13:38:51] [INFO] 
============================================================
[2026-02-20 13:38:51] [INFO] COMBINED HTML RENDERING
[2026-02-20 13:38:51] [INFO] ============================================================
[2026-02-20 13:38:51] [INFO] Combining 18 section(s):
[2026-02-20 13:38:51] [INFO]   [ 1/18] 00_abstract.md                           (   2.8 KB)
[2026-02-20 13:38:51] [INFO]   [ 2/18] 01_introduction.md                       (   8.0 KB)
[2026-02-20 13:38:51] [INFO]   [ 3/18] 02_methodology.md                        (  10.5 KB)
[2026-02-20 13:38:51] [INFO]   [ 4/18] 03_01_rare_earth_mining.md               (   5.6 KB)
[2026-02-20 13:38:51] [INFO]   [ 5/18] 03_02_nation_state_alliances.md          (   5.9 KB)
[2026-02-20 13:38:51] [INFO]   [ 6/18] 03_03_cyber_security.md                  (   5.8 KB)
[2026-02-20 13:38:51] [INFO]   [ 7/18] 03_04_drone_wars.md                      (   6.8 KB)
[2026-02-20 13:38:51] [INFO]   [ 8/18] 03_05_supply_chain.md                    (   5.2 KB)
[2026-02-20 13:38:51] [INFO]   [ 9/18] 03_06_biowarfare.md                      (   6.7 KB)
[2026-02-20 13:38:51] [INFO]   [10/18] 03_07_food_security.md                   (   6.1 KB)
[2026-02-20 13:38:51] [INFO]   [11/18] 03_08_trade_wars.md                      (   5.1 KB)
[2026-02-20 13:38:51] [INFO]   [12/18] 03_09_infrastructure.md                  (   6.2 KB)
[2026-02-20 13:38:51] [INFO]   [13/18] 03_10_fake_news.md                       (   6.5 KB)
[2026-02-20 13:38:51] [INFO]   [14/18] 04_discussion.md                         (  25.1 KB)
[2026-02-20 13:38:51] [INFO]   [15/18] 05_conclusion.md                         (   8.0 KB)
[2026-02-20 13:38:51] [INFO]   [16/18] S01_notation_reference.md                (   5.9 KB)
[2026-02-20 13:38:51] [INFO]   [17/18] S02_real_world_incidents.md              (  10.1 KB)
[2026-02-20 13:38:51] [INFO]   [18/18] 99_references.md                         (   0.0 KB)
[2026-02-20 13:38:51] [INFO]   Total input size:                                ( 130.3 KB)
[2026-02-20 13:38:51] [INFO] ============================================================

[2026-02-20 13:38:51] [INFO] Converting combined markdown to HTML...
[2026-02-20 13:38:52] [INFO] ✓ Embedded CSS styling in index.html
[2026-02-20 13:38:52] [INFO] ✅ Generated combined HTML: index.html
[2026-02-20 13:38:52] [INFO] 
Rendering Summary:
[2026-02-20 13:38:52] [INFO]   Individual files processed: 18
[2026-02-20 13:38:52] [INFO]   Markdown files: 18
[2026-02-20 13:38:52] [INFO] 
============================================================
[2026-02-20 13:38:52] [INFO] RENDERING RESULTS SUMMARY
[2026-02-20 13:38:52] [INFO] ============================================================
[2026-02-20 13:38:52] [INFO] Project: cogsec_multiagent_4_applications
[2026-02-20 13:38:52] [INFO] 
📕 Combined Manuscript PDF:
[2026-02-20 13:38:52] [INFO]    cogsec_multiagent_4_applications_combined.pdf    287.1 KB
[2026-02-20 13:38:52] [INFO]    Location: /Users/4d/Documents/GitHub/template/projects/cogsec_multiagent_4_applications/output/pdf/cogsec_multiagent_4_applications_combined.pdf
[2026-02-20 13:38:52] [INFO] 
🌐 Combined Manuscript HTML:
[2026-02-20 13:38:52] [INFO]    index.html                                  198.9 KB
[2026-02-20 13:38:52] [INFO]    Location: /Users/4d/Documents/GitHub/template/projects/cogsec_multiagent_4_applications/output/web/index.html
[2026-02-20 13:38:52] [INFO] 
🌐 Web Outputs (28):
[2026-02-20 13:38:52] [INFO]    00_abstract.html                              6.4 KB
[2026-02-20 13:38:52] [INFO]    01_introduction.html                         12.7 KB
[2026-02-20 13:38:52] [INFO]    02_01_rare_earth_mining.html                  6.2 KB
[2026-02-20 13:38:52] [INFO]    02_02_nation_state_alliances.html             6.1 KB
[2026-02-20 13:38:52] [INFO]    02_03_cyber_security.html                     6.0 KB
[2026-02-20 13:38:52] [INFO]    02_04_drone_wars.html                         5.8 KB
[2026-02-20 13:38:52] [INFO]    02_05_supply_chain.html                       5.9 KB
[2026-02-20 13:38:52] [INFO]    02_06_biowarfare.html                         6.0 KB
[2026-02-20 13:38:52] [INFO]    02_07_food_security.html                      5.9 KB
[2026-02-20 13:38:52] [INFO]    02_08_trade_wars.html                         6.0 KB
[2026-02-20 13:38:52] [INFO]    02_09_infrastructure.html                     5.9 KB
[2026-02-20 13:38:52] [INFO]    02_10_fake_news.html                          5.9 KB
[2026-02-20 13:38:52] [INFO]    02_methodology.html                          16.5 KB
[2026-02-20 13:38:52] [INFO]    03_01_rare_earth_mining.html                 10.8 KB
[2026-02-20 13:38:52] [INFO]    03_02_nation_state_alliances.html            11.2 KB
[2026-02-20 13:38:52] [INFO]    03_03_cyber_security.html                    11.2 KB
[2026-02-20 13:38:52] [INFO]    03_04_drone_wars.html                        12.1 KB
[2026-02-20 13:38:52] [INFO]    03_05_supply_chain.html                      10.4 KB
[2026-02-20 13:38:52] [INFO]    03_06_biowarfare.html                        12.0 KB
[2026-02-20 13:38:52] [INFO]    03_07_food_security.html                     11.3 KB
[2026-02-20 13:38:52] [INFO]    03_08_trade_wars.html                        10.0 KB
[2026-02-20 13:38:52] [INFO]    03_09_infrastructure.html                    11.2 KB
[2026-02-20 13:38:52] [INFO]    03_10_fake_news.html                         11.5 KB
[2026-02-20 13:38:52] [INFO]    04_discussion.html                           36.5 KB
[2026-02-20 13:38:52] [INFO]    05_conclusion.html                           12.6 KB
[2026-02-20 13:38:52] [INFO]    99_references.html                            3.7 KB
[2026-02-20 13:38:52] [INFO]    S01_notation_reference.html                  14.9 KB
[2026-02-20 13:38:52] [INFO]    S02_real_world_incidents.html                15.6 KB
[2026-02-20 13:38:52] [INFO] 
📊 Presentation Slides (28):
[2026-02-20 13:38:52] [INFO]    00_abstract_slides.pdf                       18.6 KB
[2026-02-20 13:38:52] [INFO]    01_introduction_slides.pdf                   40.3 KB
[2026-02-20 13:38:52] [INFO]    02_01_rare_earth_mining_slides.pdf           24.0 KB
[2026-02-20 13:38:52] [INFO]    02_02_nation_state_alliances_slides.pdf      23.6 KB
[2026-02-20 13:38:52] [INFO]    02_03_cyber_security_slides.pdf              25.8 KB
[2026-02-20 13:38:52] [INFO]    02_04_drone_wars_slides.pdf                  25.1 KB
[2026-02-20 13:38:52] [INFO]    02_05_supply_chain_slides.pdf                24.3 KB
[2026-02-20 13:38:52] [INFO]    02_06_biowarfare_slides.pdf                  26.5 KB
[2026-02-20 13:38:52] [INFO]    02_07_food_security_slides.pdf               21.0 KB
[2026-02-20 13:38:52] [INFO]    02_08_trade_wars_slides.pdf                  22.0 KB
[2026-02-20 13:38:52] [INFO]    02_09_infrastructure_slides.pdf              23.6 KB
[2026-02-20 13:38:52] [INFO]    02_10_fake_news_slides.pdf                   23.7 KB
[2026-02-20 13:38:52] [INFO]    02_methodology_slides.pdf                    37.5 KB
[2026-02-20 13:38:52] [INFO]    03_01_rare_earth_mining_slides.pdf           32.3 KB
[2026-02-20 13:38:52] [INFO]    03_02_nation_state_alliances_slides.pdf      35.4 KB
[2026-02-20 13:38:52] [INFO]    03_03_cyber_security_slides.pdf              34.7 KB
[2026-02-20 13:38:52] [INFO]    03_04_drone_wars_slides.pdf                  36.5 KB
[2026-02-20 13:38:52] [INFO]    03_05_supply_chain_slides.pdf                33.9 KB
[2026-02-20 13:38:52] [INFO]    03_06_biowarfare_slides.pdf                  34.9 KB
[2026-02-20 13:38:52] [INFO]    03_07_food_security_slides.pdf               31.7 KB
[2026-02-20 13:38:52] [INFO]    03_08_trade_wars_slides.pdf                  30.9 KB
[2026-02-20 13:38:52] [INFO]    03_09_infrastructure_slides.pdf              34.1 KB
[2026-02-20 13:38:52] [INFO]    03_10_fake_news_slides.pdf                   33.6 KB
[2026-02-20 13:38:52] [INFO]    04_discussion_slides.pdf                     55.1 KB
[2026-02-20 13:38:52] [INFO]    05_conclusion_slides.pdf                     34.6 KB
[2026-02-20 13:38:52] [INFO]    99_references_slides.pdf                      2.9 KB
[2026-02-20 13:38:52] [INFO]    S01_notation_reference_slides.pdf            33.9 KB
[2026-02-20 13:38:52] [INFO]    S02_real_world_incidents_slides.pdf          40.8 KB
[2026-02-20 13:38:52] [INFO] 
📦 Total Output Size: 486.1 KB (0.47 MB)
[2026-02-20 13:38:52] [INFO] ============================================================

[2026-02-20 13:38:52] [INFO] PDF rendering pipeline completed
[2026-02-20 13:38:52] [INFO] Verifying PDF outputs...
[2026-02-20 13:38:52] [INFO] Generated 1 PDF file(s)
[2026-02-20 13:38:52] [INFO]   📕 cogsec_multiagent_4_applications_combined.pdf (0.28 MB) ✓
[2026-02-20 13:38:52] [INFO] 
✅ Bibliography file found and will be processed
[2026-02-20 13:38:52] [INFO] 
✅ Combined manuscript PDF successfully generated!
[2026-02-20 13:38:52] [INFO]   File size: 0.28 MB
[2026-02-20 13:38:52] [INFO]   Valid PDFs: 1/1
[2026-02-20 13:38:52] [INFO] PDF rendering complete - ready for validation
[2026-02-20 13:38:52] [INFO]   Resource usage (PDF rendering stage end): Memory: 22 MB

======================================================================
[2026-02-20 13:39:53] Starting: PDF Rendering
======================================================================
[2026-02-20 13:39:53] [INFO] Executing stage 'render_pdf' for project 'cogsec_multiagent_4_applications': /Users/4d/.pyenv/versions/3.12.11/bin/python3 /Users/4d/Documents/GitHub/template/scripts/03_render_pdf.py --project cogsec_multiagent_4_applications
[2026-02-20 13:39:53] [INFO] 
[2026-02-20 13:39:53] [INFO] ==================================================
[2026-02-20 13:39:53] [INFO] STAGE 03: Render PDF (Project: cogsec_multiagent_4_applications)
[2026-02-20 13:39:53] [INFO] ==================================================
[2026-02-20 13:39:54] [INFO]   Resource usage (PDF rendering stage start): Memory: 29 MB
[2026-02-20 13:39:54] [INFO] Executing PDF rendering pipeline for project 'cogsec_multiagent_4_applications'...
[2026-02-20 13:39:54] [INFO] Running pre-flight LaTeX package validation...
[2026-02-20 13:39:54] [INFO] Validating 12 required and 11 optional LaTeX packages...
[2026-02-20 13:39:55] [INFO] ✓ All LaTeX packages available
[2026-02-20 13:39:55] [INFO] Verifying figures from analysis stage...
[2026-02-20 13:39:55] [WARNING] ⚠️  Figures directory exists but is empty: /Users/4d/Documents/GitHub/template/projects/cogsec_multiagent_4_applications/output/figures
[2026-02-20 13:39:55] [WARNING]   ⚠️  No figures found - will render PDF with missing figures
[2026-02-20 13:39:55] [INFO] Discovered 18 manuscript file(s):
[2026-02-20 13:39:55] [INFO]   Main sections (15):
[2026-02-20 13:39:55] [INFO]     • 00_abstract.md
[2026-02-20 13:39:55] [INFO]     • 01_introduction.md
[2026-02-20 13:39:55] [INFO]     • 02_methodology.md
[2026-02-20 13:39:55] [INFO]     • 03_01_rare_earth_mining.md
[2026-02-20 13:39:55] [INFO]     • 03_02_nation_state_alliances.md
[2026-02-20 13:39:55] [INFO]     • 03_03_cyber_security.md
[2026-02-20 13:39:55] [INFO]     • 03_04_drone_wars.md
[2026-02-20 13:39:55] [INFO]     • 03_05_supply_chain.md
[2026-02-20 13:39:55] [INFO]     • 03_06_biowarfare.md
[2026-02-20 13:39:55] [INFO]     • 03_07_food_security.md
[2026-02-20 13:39:55] [INFO]     • 03_08_trade_wars.md
[2026-02-20 13:39:55] [INFO]     • 03_09_infrastructure.md
[2026-02-20 13:39:55] [INFO]     • 03_10_fake_news.md
[2026-02-20 13:39:55] [INFO]     • 04_discussion.md
[2026-02-20 13:39:55] [INFO]     • 05_conclusion.md
[2026-02-20 13:39:55] [INFO]   Supplemental (2):
[2026-02-20 13:39:55] [INFO]     • S01_notation_reference.md
[2026-02-20 13:39:55] [INFO]     • S02_real_world_incidents.md
[2026-02-20 13:39:55] [INFO]   References (1):
[2026-02-20 13:39:55] [INFO]     • 99_references.md
[2026-02-20 13:39:55] [INFO] 
============================================================
[2026-02-20 13:39:55] [INFO] MANUSCRIPT COMPOSITION - Project: cogsec_multiagent_4_applications
[2026-02-20 13:39:55] [INFO] ============================================================
[2026-02-20 13:39:55] [INFO] Markdown sections (18):
[2026-02-20 13:39:55] [INFO]   • 00_abstract.md                           (   2.8 KB)
[2026-02-20 13:39:55] [INFO]   • 01_introduction.md                       (   8.0 KB)
[2026-02-20 13:39:55] [INFO]   • 02_methodology.md                        (  10.5 KB)
[2026-02-20 13:39:55] [INFO]   • 03_01_rare_earth_mining.md               (   5.6 KB)
[2026-02-20 13:39:55] [INFO]   • 03_02_nation_state_alliances.md          (   5.9 KB)
[2026-02-20 13:39:55] [INFO]   • 03_03_cyber_security.md                  (   5.8 KB)
[2026-02-20 13:39:55] [INFO]   • 03_04_drone_wars.md                      (   6.8 KB)
[2026-02-20 13:39:55] [INFO]   • 03_05_supply_chain.md                    (   5.2 KB)
[2026-02-20 13:39:55] [INFO]   • 03_06_biowarfare.md                      (   6.7 KB)
[2026-02-20 13:39:55] [INFO]   • 03_07_food_security.md                   (   6.1 KB)
[2026-02-20 13:39:55] [INFO]   • 03_08_trade_wars.md                      (   5.1 KB)
[2026-02-20 13:39:55] [INFO]   • 03_09_infrastructure.md                  (   6.2 KB)
[2026-02-20 13:39:55] [INFO]   • 03_10_fake_news.md                       (   6.5 KB)
[2026-02-20 13:39:55] [INFO]   • 04_discussion.md                         (  25.1 KB)
[2026-02-20 13:39:55] [INFO]   • 05_conclusion.md                         (   8.0 KB)
[2026-02-20 13:39:55] [INFO]   • S01_notation_reference.md                (   5.9 KB)
[2026-02-20 13:39:55] [INFO]   • S02_real_world_incidents.md              (  10.2 KB)
[2026-02-20 13:39:55] [INFO]   • 99_references.md                         (   0.0 KB)
[2026-02-20 13:39:55] [INFO]   Total markdown:                          ( 130.4 KB)
[2026-02-20 13:39:55] [INFO] ============================================================

[2026-02-20 13:39:55] [INFO] Initialized RenderManager from infrastructure.rendering
[2026-02-20 13:39:55] [INFO]   [1/18] 00_abstract.md
[2026-02-20 13:39:55] [INFO] Rendering Markdown file: 00_abstract.md
[2026-02-20 13:39:55] [INFO] Generating beamer slides from /Users/4d/Documents/GitHub/template/projects/cogsec_multiagent_4_applications/manuscript/00_abstract.md
[2026-02-20 13:39:56] [INFO] Compiling /Users/4d/Documents/GitHub/template/projects/cogsec_multiagent_4_applications/output/slides/00_abstract_slides.tex with xelatex
[2026-02-20 13:39:58] [INFO] LaTeX compilation completed in 2.29s
[2026-02-20 13:39:58] [INFO] Generated beamer slides: 00_abstract_slides.pdf
[2026-02-20 13:39:58] [INFO] Generating HTML from /Users/4d/Documents/GitHub/template/projects/cogsec_multiagent_4_applications/manuscript/00_abstract.md
[2026-02-20 13:39:58] [INFO] Successfully rendered 2 format(s) for 00_abstract.md
[2026-02-20 13:39:58] [INFO] Generated: 00_abstract_slides.pdf
[2026-02-20 13:39:58] [INFO] Generated: 00_abstract.html
[2026-02-20 13:39:58] [INFO]     ✅ Completed in 2s
[2026-02-20 13:39:58] [INFO]   [2/18] 01_introduction.md
[2026-02-20 13:39:58] [INFO] Rendering Markdown file: 01_introduction.md
[2026-02-20 13:39:58] [INFO] Generating beamer slides from /Users/4d/Documents/GitHub/template/projects/cogsec_multiagent_4_applications/manuscript/01_introduction.md
[2026-02-20 13:39:58] [INFO] Compiling /Users/4d/Documents/GitHub/template/projects/cogsec_multiagent_4_applications/output/slides/01_introduction_slides.tex with xelatex
[2026-02-20 13:40:00] [INFO] LaTeX compilation completed in 2.10s
[2026-02-20 13:40:00] [INFO] Generated beamer slides: 01_introduction_slides.pdf
[2026-02-20 13:40:00] [INFO] Generating HTML from /Users/4d/Documents/GitHub/template/projects/cogsec_multiagent_4_applications/manuscript/01_introduction.md
[2026-02-20 13:40:00] [INFO] Successfully rendered 2 format(s) for 01_introduction.md
[2026-02-20 13:40:00] [INFO] Generated: 01_introduction_slides.pdf
[2026-02-20 13:40:00] [INFO] Generated: 01_introduction.html
[2026-02-20 13:40:00] [INFO]     ✅ Completed in 2s
[2026-02-20 13:40:00] [INFO]   [3/18] 02_methodology.md
[2026-02-20 13:40:00] [INFO] Rendering Markdown file: 02_methodology.md
[2026-02-20 13:40:00] [INFO] Generating beamer slides from /Users/4d/Documents/GitHub/template/projects/cogsec_multiagent_4_applications/manuscript/02_methodology.md
[2026-02-20 13:40:00] [INFO] Compiling /Users/4d/Documents/GitHub/template/projects/cogsec_multiagent_4_applications/output/slides/02_methodology_slides.tex with xelatex
[2026-02-20 13:40:03] [INFO] LaTeX compilation completed in 2.23s
[2026-02-20 13:40:03] [INFO] Generated beamer slides: 02_methodology_slides.pdf
[2026-02-20 13:40:03] [INFO] Generating HTML from /Users/4d/Documents/GitHub/template/projects/cogsec_multiagent_4_applications/manuscript/02_methodology.md
[2026-02-20 13:40:03] [INFO] Successfully rendered 2 format(s) for 02_methodology.md
[2026-02-20 13:40:03] [INFO] Generated: 02_methodology_slides.pdf
[2026-02-20 13:40:03] [INFO] Generated: 02_methodology.html
[2026-02-20 13:40:03] [INFO]     ✅ Completed in 2s
[2026-02-20 13:40:03] [INFO]   [4/18] 03_01_rare_earth_mining.md
[2026-02-20 13:40:03] [INFO] Rendering Markdown file: 03_01_rare_earth_mining.md
[2026-02-20 13:40:03] [INFO] Generating beamer slides from /Users/4d/Documents/GitHub/template/projects/cogsec_multiagent_4_applications/manuscript/03_01_rare_earth_mining.md
[2026-02-20 13:40:03] [INFO] Compiling /Users/4d/Documents/GitHub/template/projects/cogsec_multiagent_4_applications/output/slides/03_01_rare_earth_mining_slides.tex with xelatex
[2026-02-20 13:40:05] [INFO] LaTeX compilation completed in 2.44s
[2026-02-20 13:40:05] [INFO] Generated beamer slides: 03_01_rare_earth_mining_slides.pdf
[2026-02-20 13:40:05] [INFO] Generating HTML from /Users/4d/Documents/GitHub/template/projects/cogsec_multiagent_4_applications/manuscript/03_01_rare_earth_mining.md
[2026-02-20 13:40:05] [INFO] Successfully rendered 2 format(s) for 03_01_rare_earth_mining.md
[2026-02-20 13:40:05] [INFO] Generated: 03_01_rare_earth_mining_slides.pdf
[2026-02-20 13:40:05] [INFO] Generated: 03_01_rare_earth_mining.html
[2026-02-20 13:40:05] [INFO]     ✅ Completed in 2s
[2026-02-20 13:40:05] [INFO]   [5/18] 03_02_nation_state_alliances.md
[2026-02-20 13:40:05] [INFO] Rendering Markdown file: 03_02_nation_state_alliances.md
[2026-02-20 13:40:05] [INFO] Generating beamer slides from /Users/4d/Documents/GitHub/template/projects/cogsec_multiagent_4_applications/manuscript/03_02_nation_state_alliances.md
[2026-02-20 13:40:05] [INFO] Compiling /Users/4d/Documents/GitHub/template/projects/cogsec_multiagent_4_applications/output/slides/03_02_nation_state_alliances_slides.tex with xelatex
[2026-02-20 13:40:08] [INFO] LaTeX compilation completed in 2.42s
[2026-02-20 13:40:08] [INFO] Generated beamer slides: 03_02_nation_state_alliances_slides.pdf
[2026-02-20 13:40:08] [INFO] Generating HTML from /Users/4d/Documents/GitHub/template/projects/cogsec_multiagent_4_applications/manuscript/03_02_nation_state_alliances.md
[2026-02-20 13:40:08] [INFO] Successfully rendered 2 format(s) for 03_02_nation_state_alliances.md
[2026-02-20 13:40:08] [INFO] Generated: 03_02_nation_state_alliances_slides.pdf
[2026-02-20 13:40:08] [INFO] Generated: 03_02_nation_state_alliances.html
[2026-02-20 13:40:08] [INFO]     ✅ Completed in 2s
[2026-02-20 13:40:08] [INFO]   [6/18] 03_03_cyber_security.md
[2026-02-20 13:40:08] [INFO] Rendering Markdown file: 03_03_cyber_security.md
[2026-02-20 13:40:08] [INFO] Generating beamer slides from /Users/4d/Documents/GitHub/template/projects/cogsec_multiagent_4_applications/manuscript/03_03_cyber_security.md
[2026-02-20 13:40:08] [INFO] Compiling /Users/4d/Documents/GitHub/template/projects/cogsec_multiagent_4_applications/output/slides/03_03_cyber_security_slides.tex with xelatex
[2026-02-20 13:40:10] [INFO] LaTeX compilation completed in 2.35s
[2026-02-20 13:40:10] [INFO] Generated beamer slides: 03_03_cyber_security_slides.pdf
[2026-02-20 13:40:10] [INFO] Generating HTML from /Users/4d/Documents/GitHub/template/projects/cogsec_multiagent_4_applications/manuscript/03_03_cyber_security.md
[2026-02-20 13:40:10] [INFO] Successfully rendered 2 format(s) for 03_03_cyber_security.md
[2026-02-20 13:40:10] [INFO] Generated: 03_03_cyber_security_slides.pdf
[2026-02-20 13:40:10] [INFO] Generated: 03_03_cyber_security.html
[2026-02-20 13:40:10] [INFO]     ✅ Completed in 2s
[2026-02-20 13:40:10] [INFO]   [7/18] 03_04_drone_wars.md
[2026-02-20 13:40:10] [INFO] Rendering Markdown file: 03_04_drone_wars.md
[2026-02-20 13:40:10] [INFO] Generating beamer slides from /Users/4d/Documents/GitHub/template/projects/cogsec_multiagent_4_applications/manuscript/03_04_drone_wars.md
[2026-02-20 13:40:10] [INFO] Compiling /Users/4d/Documents/GitHub/template/projects/cogsec_multiagent_4_applications/output/slides/03_04_drone_wars_slides.tex with xelatex
[2026-02-20 13:40:13] [INFO] LaTeX compilation completed in 2.32s
[2026-02-20 13:40:13] [INFO] Generated beamer slides: 03_04_drone_wars_slides.pdf
[2026-02-20 13:40:13] [INFO] Generating HTML from /Users/4d/Documents/GitHub/template/projects/cogsec_multiagent_4_applications/manuscript/03_04_drone_wars.md
[2026-02-20 13:40:13] [INFO] Successfully rendered 2 format(s) for 03_04_drone_wars.md
[2026-02-20 13:40:13] [INFO] Generated: 03_04_drone_wars_slides.pdf
[2026-02-20 13:40:13] [INFO] Generated: 03_04_drone_wars.html
[2026-02-20 13:40:13] [INFO]     ✅ Completed in 2s
[2026-02-20 13:40:13] [INFO]   [8/18] 03_05_supply_chain.md
[2026-02-20 13:40:13] [INFO] Rendering Markdown file: 03_05_supply_chain.md
[2026-02-20 13:40:13] [INFO] Generating beamer slides from /Users/4d/Documents/GitHub/template/projects/cogsec_multiagent_4_applications/manuscript/03_05_supply_chain.md
[2026-02-20 13:40:13] [INFO] Compiling /Users/4d/Documents/GitHub/template/projects/cogsec_multiagent_4_applications/output/slides/03_05_supply_chain_slides.tex with xelatex
[2026-02-20 13:40:15] [INFO] LaTeX compilation completed in 2.32s
[2026-02-20 13:40:15] [INFO] Generated beamer slides: 03_05_supply_chain_slides.pdf
[2026-02-20 13:40:15] [INFO] Generating HTML from /Users/4d/Documents/GitHub/template/projects/cogsec_multiagent_4_applications/manuscript/03_05_supply_chain.md
[2026-02-20 13:40:15] [INFO] Successfully rendered 2 format(s) for 03_05_supply_chain.md
[2026-02-20 13:40:15] [INFO] Generated: 03_05_supply_chain_slides.pdf
[2026-02-20 13:40:15] [INFO] Generated: 03_05_supply_chain.html
[2026-02-20 13:40:15] [INFO]     ✅ Completed in 2s
[2026-02-20 13:40:15] [INFO]   [9/18] 03_06_biowarfare.md
[2026-02-20 13:40:15] [INFO] Rendering Markdown file: 03_06_biowarfare.md
[2026-02-20 13:40:15] [INFO] Generating beamer slides from /Users/4d/Documents/GitHub/template/projects/cogsec_multiagent_4_applications/manuscript/03_06_biowarfare.md
[2026-02-20 13:40:15] [INFO] Compiling /Users/4d/Documents/GitHub/template/projects/cogsec_multiagent_4_applications/output/slides/03_06_biowarfare_slides.tex with xelatex
[2026-02-20 13:40:17] [INFO] LaTeX compilation completed in 2.32s
[2026-02-20 13:40:17] [INFO] Generated beamer slides: 03_06_biowarfare_slides.pdf
[2026-02-20 13:40:17] [INFO] Generating HTML from /Users/4d/Documents/GitHub/template/projects/cogsec_multiagent_4_applications/manuscript/03_06_biowarfare.md
[2026-02-20 13:40:17] [INFO] Successfully rendered 2 format(s) for 03_06_biowarfare.md
[2026-02-20 13:40:17] [INFO] Generated: 03_06_biowarfare_slides.pdf
[2026-02-20 13:40:17] [INFO] Generated: 03_06_biowarfare.html
[2026-02-20 13:40:17] [INFO]     ✅ Completed in 2s
[2026-02-20 13:40:17] [INFO]   [10/18] 03_07_food_security.md
[2026-02-20 13:40:17] [INFO] Rendering Markdown file: 03_07_food_security.md
[2026-02-20 13:40:17] [INFO] Generating beamer slides from /Users/4d/Documents/GitHub/template/projects/cogsec_multiagent_4_applications/manuscript/03_07_food_security.md
[2026-02-20 13:40:18] [INFO] Compiling /Users/4d/Documents/GitHub/template/projects/cogsec_multiagent_4_applications/output/slides/03_07_food_security_slides.tex with xelatex
[2026-02-20 13:40:20] [INFO] LaTeX compilation completed in 2.34s
[2026-02-20 13:40:20] [INFO] Generated beamer slides: 03_07_food_security_slides.pdf
[2026-02-20 13:40:20] [INFO] Generating HTML from /Users/4d/Documents/GitHub/template/projects/cogsec_multiagent_4_applications/manuscript/03_07_food_security.md
[2026-02-20 13:40:20] [INFO] Successfully rendered 2 format(s) for 03_07_food_security.md
[2026-02-20 13:40:20] [INFO] Generated: 03_07_food_security_slides.pdf
[2026-02-20 13:40:20] [INFO] Generated: 03_07_food_security.html
[2026-02-20 13:40:20] [INFO]     ✅ Completed in 2s
[2026-02-20 13:40:20] [INFO]   [11/18] 03_08_trade_wars.md
[2026-02-20 13:40:20] [INFO] Rendering Markdown file: 03_08_trade_wars.md
[2026-02-20 13:40:20] [INFO] Generating beamer slides from /Users/4d/Documents/GitHub/template/projects/cogsec_multiagent_4_applications/manuscript/03_08_trade_wars.md
[2026-02-20 13:40:20] [INFO] Compiling /Users/4d/Documents/GitHub/template/projects/cogsec_multiagent_4_applications/output/slides/03_08_trade_wars_slides.tex with xelatex
[2026-02-20 13:40:22] [INFO] LaTeX compilation completed in 2.27s
[2026-02-20 13:40:22] [INFO] Generated beamer slides: 03_08_trade_wars_slides.pdf
[2026-02-20 13:40:22] [INFO] Generating HTML from /Users/4d/Documents/GitHub/template/projects/cogsec_multiagent_4_applications/manuscript/03_08_trade_wars.md
[2026-02-20 13:40:22] [INFO] Successfully rendered 2 format(s) for 03_08_trade_wars.md
[2026-02-20 13:40:22] [INFO] Generated: 03_08_trade_wars_slides.pdf
[2026-02-20 13:40:22] [INFO] Generated: 03_08_trade_wars.html
[2026-02-20 13:40:22] [INFO]     ✅ Completed in 2s
[2026-02-20 13:40:22] [INFO]   [12/18] 03_09_infrastructure.md
[2026-02-20 13:40:22] [INFO] Rendering Markdown file: 03_09_infrastructure.md
[2026-02-20 13:40:22] [INFO] Generating beamer slides from /Users/4d/Documents/GitHub/template/projects/cogsec_multiagent_4_applications/manuscript/03_09_infrastructure.md
[2026-02-20 13:40:22] [INFO] Compiling /Users/4d/Documents/GitHub/template/projects/cogsec_multiagent_4_applications/output/slides/03_09_infrastructure_slides.tex with xelatex
[2026-02-20 13:40:25] [INFO] LaTeX compilation completed in 2.29s
[2026-02-20 13:40:25] [INFO] Generated beamer slides: 03_09_infrastructure_slides.pdf
[2026-02-20 13:40:25] [INFO] Generating HTML from /Users/4d/Documents/GitHub/template/projects/cogsec_multiagent_4_applications/manuscript/03_09_infrastructure.md
[2026-02-20 13:40:25] [INFO] Successfully rendered 2 format(s) for 03_09_infrastructure.md
[2026-02-20 13:40:25] [INFO] Generated: 03_09_infrastructure_slides.pdf
[2026-02-20 13:40:25] [INFO] Generated: 03_09_infrastructure.html
[2026-02-20 13:40:25] [INFO]     ✅ Completed in 2s
[2026-02-20 13:40:25] [INFO]   [13/18] 03_10_fake_news.md
[2026-02-20 13:40:25] [INFO] Rendering Markdown file: 03_10_fake_news.md
[2026-02-20 13:40:25] [INFO] Generating beamer slides from /Users/4d/Documents/GitHub/template/projects/cogsec_multiagent_4_applications/manuscript/03_10_fake_news.md
[2026-02-20 13:40:25] [INFO] Compiling /Users/4d/Documents/GitHub/template/projects/cogsec_multiagent_4_applications/output/slides/03_10_fake_news_slides.tex with xelatex
[2026-02-20 13:40:27] [INFO] LaTeX compilation completed in 2.29s
[2026-02-20 13:40:27] [INFO] Generated beamer slides: 03_10_fake_news_slides.pdf
[2026-02-20 13:40:27] [INFO] Generating HTML from /Users/4d/Documents/GitHub/template/projects/cogsec_multiagent_4_applications/manuscript/03_10_fake_news.md
[2026-02-20 13:40:27] [INFO] Successfully rendered 2 format(s) for 03_10_fake_news.md
[2026-02-20 13:40:27] [INFO] Generated: 03_10_fake_news_slides.pdf
[2026-02-20 13:40:27] [INFO] Generated: 03_10_fake_news.html
[2026-02-20 13:40:27] [INFO]     ✅ Completed in 2s
[2026-02-20 13:40:27] [INFO]   [14/18] 04_discussion.md
[2026-02-20 13:40:27] [INFO] Rendering Markdown file: 04_discussion.md
[2026-02-20 13:40:27] [INFO] Generating beamer slides from /Users/4d/Documents/GitHub/template/projects/cogsec_multiagent_4_applications/manuscript/04_discussion.md
[2026-02-20 13:40:27] [INFO] Compiling /Users/4d/Documents/GitHub/template/projects/cogsec_multiagent_4_applications/output/slides/04_discussion_slides.tex with xelatex
[2026-02-20 13:40:30] [INFO] LaTeX compilation completed in 2.53s
[2026-02-20 13:40:30] [INFO] Generated beamer slides: 04_discussion_slides.pdf
[2026-02-20 13:40:30] [INFO] Generating HTML from /Users/4d/Documents/GitHub/template/projects/cogsec_multiagent_4_applications/manuscript/04_discussion.md
[2026-02-20 13:40:30] [INFO] Successfully rendered 2 format(s) for 04_discussion.md
[2026-02-20 13:40:30] [INFO] Generated: 04_discussion_slides.pdf
[2026-02-20 13:40:30] [INFO] Generated: 04_discussion.html
[2026-02-20 13:40:30] [INFO]     ✅ Completed in 2s
[2026-02-20 13:40:30] [INFO]   [15/18] 05_conclusion.md
[2026-02-20 13:40:30] [INFO] Rendering Markdown file: 05_conclusion.md
[2026-02-20 13:40:30] [INFO] Generating beamer slides from /Users/4d/Documents/GitHub/template/projects/cogsec_multiagent_4_applications/manuscript/05_conclusion.md
[2026-02-20 13:40:30] [INFO] Compiling /Users/4d/Documents/GitHub/template/projects/cogsec_multiagent_4_applications/output/slides/05_conclusion_slides.tex with xelatex
[2026-02-20 13:40:32] [INFO] LaTeX compilation completed in 2.27s
[2026-02-20 13:40:32] [INFO] Generated beamer slides: 05_conclusion_slides.pdf
[2026-02-20 13:40:32] [INFO] Generating HTML from /Users/4d/Documents/GitHub/template/projects/cogsec_multiagent_4_applications/manuscript/05_conclusion.md
[2026-02-20 13:40:32] [INFO] Successfully rendered 2 format(s) for 05_conclusion.md
[2026-02-20 13:40:32] [INFO] Generated: 05_conclusion_slides.pdf
[2026-02-20 13:40:32] [INFO] Generated: 05_conclusion.html
[2026-02-20 13:40:32] [INFO]     ✅ Completed in 2s
[2026-02-20 13:40:32] [INFO]   [16/18] S01_notation_reference.md
[2026-02-20 13:40:32] [INFO] Rendering Markdown file: S01_notation_reference.md
[2026-02-20 13:40:32] [INFO] Generating beamer slides from /Users/4d/Documents/GitHub/template/projects/cogsec_multiagent_4_applications/manuscript/S01_notation_reference.md
[2026-02-20 13:40:32] [INFO] Compiling /Users/4d/Documents/GitHub/template/projects/cogsec_multiagent_4_applications/output/slides/S01_notation_reference_slides.tex with xelatex
[2026-02-20 13:40:35] [INFO] LaTeX compilation completed in 2.42s
[2026-02-20 13:40:35] [INFO] Generated beamer slides: S01_notation_reference_slides.pdf
[2026-02-20 13:40:35] [INFO] Generating HTML from /Users/4d/Documents/GitHub/template/projects/cogsec_multiagent_4_applications/manuscript/S01_notation_reference.md
[2026-02-20 13:40:35] [INFO] Successfully rendered 2 format(s) for S01_notation_reference.md
[2026-02-20 13:40:35] [INFO] Generated: S01_notation_reference_slides.pdf
[2026-02-20 13:40:35] [INFO] Generated: S01_notation_reference.html
[2026-02-20 13:40:35] [INFO]     ✅ Completed in 2s
[2026-02-20 13:40:35] [INFO]   [17/18] S02_real_world_incidents.md
[2026-02-20 13:40:35] [INFO] Rendering Markdown file: S02_real_world_incidents.md
[2026-02-20 13:40:35] [INFO] Generating beamer slides from /Users/4d/Documents/GitHub/template/projects/cogsec_multiagent_4_applications/manuscript/S02_real_world_incidents.md
[2026-02-20 13:40:35] [INFO] Compiling /Users/4d/Documents/GitHub/template/projects/cogsec_multiagent_4_applications/output/slides/S02_real_world_incidents_slides.tex with xelatex
[2026-02-20 13:40:37] [INFO] LaTeX compilation completed in 2.39s
[2026-02-20 13:40:37] [INFO] Generated beamer slides: S02_real_world_incidents_slides.pdf
[2026-02-20 13:40:37] [INFO] Generating HTML from /Users/4d/Documents/GitHub/template/projects/cogsec_multiagent_4_applications/manuscript/S02_real_world_incidents.md
[2026-02-20 13:40:37] [INFO] Successfully rendered 2 format(s) for S02_real_world_incidents.md
[2026-02-20 13:40:37] [INFO] Generated: S02_real_world_incidents_slides.pdf
[2026-02-20 13:40:37] [INFO] Generated: S02_real_world_incidents.html
[2026-02-20 13:40:37] [INFO]     ✅ Completed in 2s
[2026-02-20 13:40:37] [INFO]   [18/18] 99_references.md
[2026-02-20 13:40:37] [INFO] Rendering Markdown file: 99_references.md
[2026-02-20 13:40:37] [INFO] Generating beamer slides from /Users/4d/Documents/GitHub/template/projects/cogsec_multiagent_4_applications/manuscript/99_references.md
[2026-02-20 13:40:37] [INFO] Compiling /Users/4d/Documents/GitHub/template/projects/cogsec_multiagent_4_applications/output/slides/99_references_slides.tex with xelatex
[2026-02-20 13:40:39] [INFO] LaTeX compilation completed in 2.22s
[2026-02-20 13:40:39] [INFO] Generated beamer slides: 99_references_slides.pdf
[2026-02-20 13:40:39] [INFO] Generating HTML from /Users/4d/Documents/GitHub/template/projects/cogsec_multiagent_4_applications/manuscript/99_references.md
[2026-02-20 13:40:39] [INFO] Successfully rendered 2 format(s) for 99_references.md
[2026-02-20 13:40:39] [INFO] Generated: 99_references_slides.pdf
[2026-02-20 13:40:39] [INFO] Generated: 99_references.html
[2026-02-20 13:40:39] [INFO]     ✅ Completed in 2s
[2026-02-20 13:40:39] [INFO] 
============================================================
[2026-02-20 13:40:39] [INFO] Generating combined PDF manuscript...
[2026-02-20 13:40:39] [INFO] Rendering combined PDF from 18 files...
[2026-02-20 13:40:39] [INFO] 
============================================================
[2026-02-20 13:40:39] [INFO] COMBINED MANUSCRIPT RENDERING
[2026-02-20 13:40:39] [INFO] ============================================================
[2026-02-20 13:40:39] [INFO] Combining 18 section(s):
[2026-02-20 13:40:39] [INFO]   [ 1/18] 00_abstract.md                           (   2.8 KB)
[2026-02-20 13:40:39] [INFO]   [ 2/18] 01_introduction.md                       (   8.0 KB)
[2026-02-20 13:40:39] [INFO]   [ 3/18] 02_methodology.md                        (  10.5 KB)
[2026-02-20 13:40:39] [INFO]   [ 4/18] 03_01_rare_earth_mining.md               (   5.6 KB)
[2026-02-20 13:40:39] [INFO]   [ 5/18] 03_02_nation_state_alliances.md          (   5.9 KB)
[2026-02-20 13:40:39] [INFO]   [ 6/18] 03_03_cyber_security.md                  (   5.8 KB)
[2026-02-20 13:40:39] [INFO]   [ 7/18] 03_04_drone_wars.md                      (   6.8 KB)
[2026-02-20 13:40:39] [INFO]   [ 8/18] 03_05_supply_chain.md                    (   5.2 KB)
[2026-02-20 13:40:39] [INFO]   [ 9/18] 03_06_biowarfare.md                      (   6.7 KB)
[2026-02-20 13:40:39] [INFO]   [10/18] 03_07_food_security.md                   (   6.1 KB)
[2026-02-20 13:40:39] [INFO]   [11/18] 03_08_trade_wars.md                      (   5.1 KB)
[2026-02-20 13:40:39] [INFO]   [12/18] 03_09_infrastructure.md                  (   6.2 KB)
[2026-02-20 13:40:39] [INFO]   [13/18] 03_10_fake_news.md                       (   6.5 KB)
[2026-02-20 13:40:39] [INFO]   [14/18] 04_discussion.md                         (  25.1 KB)
[2026-02-20 13:40:39] [INFO]   [15/18] 05_conclusion.md                         (   8.0 KB)
[2026-02-20 13:40:39] [INFO]   [16/18] S01_notation_reference.md                (   5.9 KB)
[2026-02-20 13:40:39] [INFO]   [17/18] S02_real_world_incidents.md              (  10.2 KB)
[2026-02-20 13:40:39] [INFO]   [18/18] 99_references.md                         (   0.0 KB)
[2026-02-20 13:40:39] [INFO]   Total input size:                                ( 130.4 KB)
[2026-02-20 13:40:39] [INFO] ============================================================

[2026-02-20 13:40:39] [INFO] Converting combined markdown to LaTeX...
[2026-02-20 13:40:40] [INFO] ✓ Disabled lmodern package to prevent XeLaTeX font conflicts
[2026-02-20 13:40:40] [INFO] ✓ Fixed 2 math delimiter(s)
[2026-02-20 13:40:40] [INFO] ✓ Extracted preamble from preamble.md
[2026-02-20 13:40:40] [INFO] ✓ Inserted title page (\maketitle), TOC, and newpage after \begin{document}
[2026-02-20 13:40:40] [INFO] Rendering combined manuscript to PDF: cogsec_multiagent_4_applications_combined.pdf
[2026-02-20 13:40:40] [INFO]   Source files: 18
[2026-02-20 13:40:40] [INFO]   Bibliography: references.bib
[2026-02-20 13:40:40] [INFO]   LaTeX compilation pass 1/4...
[2026-02-20 13:40:42] [INFO]   Bibliography processing...
[2026-02-20 13:40:42] [INFO] Processing bibliography with bibtex...
[2026-02-20 13:40:42] [INFO] LaTeX compilation: [██████████░░░░░░░░░░] 50%
[2026-02-20 13:40:43] [INFO] LaTeX compilation: [███████████████░░░░░] 75%
[2026-02-20 13:40:45] [INFO] LaTeX compilation: [████████████████████] 100%
[2026-02-20 13:40:47] [INFO] 
✅ Successfully combined 18 sections
[2026-02-20 13:40:47] [INFO]    Output: cogsec_multiagent_4_applications_combined.pdf
[2026-02-20 13:40:47] [INFO]    Size: 287.3 KB (0.28 MB)
[2026-02-20 13:40:47] [INFO]    Location: /Users/4d/Documents/GitHub/template/projects/cogsec_multiagent_4_applications/output/pdf
[2026-02-20 13:40:47] [INFO]    Duration: 7.25 seconds
[2026-02-20 13:40:47] [INFO] ✅ Generated combined PDF: cogsec_multiagent_4_applications_combined.pdf
[2026-02-20 13:40:47] [INFO] 
============================================================
[2026-02-20 13:40:47] [INFO] Generating combined HTML manuscript...
[2026-02-20 13:40:47] [INFO] Rendering combined HTML from 18 files...
[2026-02-20 13:40:47] [INFO] 
============================================================
[2026-02-20 13:40:47] [INFO] COMBINED HTML RENDERING
[2026-02-20 13:40:47] [INFO] ============================================================
[2026-02-20 13:40:47] [INFO] Combining 18 section(s):
[2026-02-20 13:40:47] [INFO]   [ 1/18] 00_abstract.md                           (   2.8 KB)
[2026-02-20 13:40:47] [INFO]   [ 2/18] 01_introduction.md                       (   8.0 KB)
[2026-02-20 13:40:47] [INFO]   [ 3/18] 02_methodology.md                        (  10.5 KB)
[2026-02-20 13:40:47] [INFO]   [ 4/18] 03_01_rare_earth_mining.md               (   5.6 KB)
[2026-02-20 13:40:47] [INFO]   [ 5/18] 03_02_nation_state_alliances.md          (   5.9 KB)
[2026-02-20 13:40:47] [INFO]   [ 6/18] 03_03_cyber_security.md                  (   5.8 KB)
[2026-02-20 13:40:47] [INFO]   [ 7/18] 03_04_drone_wars.md                      (   6.8 KB)
[2026-02-20 13:40:47] [INFO]   [ 8/18] 03_05_supply_chain.md                    (   5.2 KB)
[2026-02-20 13:40:47] [INFO]   [ 9/18] 03_06_biowarfare.md                      (   6.7 KB)
[2026-02-20 13:40:47] [INFO]   [10/18] 03_07_food_security.md                   (   6.1 KB)
[2026-02-20 13:40:47] [INFO]   [11/18] 03_08_trade_wars.md                      (   5.1 KB)
[2026-02-20 13:40:47] [INFO]   [12/18] 03_09_infrastructure.md                  (   6.2 KB)
[2026-02-20 13:40:47] [INFO]   [13/18] 03_10_fake_news.md                       (   6.5 KB)
[2026-02-20 13:40:47] [INFO]   [14/18] 04_discussion.md                         (  25.1 KB)
[2026-02-20 13:40:47] [INFO]   [15/18] 05_conclusion.md                         (   8.0 KB)
[2026-02-20 13:40:47] [INFO]   [16/18] S01_notation_reference.md                (   5.9 KB)
[2026-02-20 13:40:47] [INFO]   [17/18] S02_real_world_incidents.md              (  10.2 KB)
[2026-02-20 13:40:47] [INFO]   [18/18] 99_references.md                         (   0.0 KB)
[2026-02-20 13:40:47] [INFO]   Total input size:                                ( 130.4 KB)
[2026-02-20 13:40:47] [INFO] ============================================================

[2026-02-20 13:40:47] [INFO] Converting combined markdown to HTML...
[2026-02-20 13:40:47] [INFO] ✓ Embedded CSS styling in index.html
[2026-02-20 13:40:47] [INFO] ✅ Generated combined HTML: index.html
[2026-02-20 13:40:47] [INFO] 
Rendering Summary:
[2026-02-20 13:40:47] [INFO]   Individual files processed: 18
[2026-02-20 13:40:47] [INFO]   Markdown files: 18
[2026-02-20 13:40:47] [INFO] 
============================================================
[2026-02-20 13:40:47] [INFO] RENDERING RESULTS SUMMARY
[2026-02-20 13:40:47] [INFO] ============================================================
[2026-02-20 13:40:47] [INFO] Project: cogsec_multiagent_4_applications
[2026-02-20 13:40:47] [INFO] 
📕 Combined Manuscript PDF:
[2026-02-20 13:40:47] [INFO]    cogsec_multiagent_4_applications_combined.pdf    287.3 KB
[2026-02-20 13:40:47] [INFO]    Location: /Users/4d/Documents/GitHub/template/projects/cogsec_multiagent_4_applications/output/pdf/cogsec_multiagent_4_applications_combined.pdf
[2026-02-20 13:40:47] [INFO] 
🌐 Combined Manuscript HTML:
[2026-02-20 13:40:47] [INFO]    index.html                                  198.9 KB
[2026-02-20 13:40:47] [INFO]    Location: /Users/4d/Documents/GitHub/template/projects/cogsec_multiagent_4_applications/output/web/index.html
[2026-02-20 13:40:47] [INFO] 
🌐 Web Outputs (28):
[2026-02-20 13:40:47] [INFO]    00_abstract.html                              6.4 KB
[2026-02-20 13:40:47] [INFO]    01_introduction.html                         12.7 KB
[2026-02-20 13:40:47] [INFO]    02_01_rare_earth_mining.html                  6.2 KB
[2026-02-20 13:40:47] [INFO]    02_02_nation_state_alliances.html             6.1 KB
[2026-02-20 13:40:47] [INFO]    02_03_cyber_security.html                     6.0 KB
[2026-02-20 13:40:47] [INFO]    02_04_drone_wars.html                         5.8 KB
[2026-02-20 13:40:47] [INFO]    02_05_supply_chain.html                       5.9 KB
[2026-02-20 13:40:47] [INFO]    02_06_biowarfare.html                         6.0 KB
[2026-02-20 13:40:47] [INFO]    02_07_food_security.html                      5.9 KB
[2026-02-20 13:40:47] [INFO]    02_08_trade_wars.html                         6.0 KB
[2026-02-20 13:40:47] [INFO]    02_09_infrastructure.html                     5.9 KB
[2026-02-20 13:40:47] [INFO]    02_10_fake_news.html                          5.9 KB
[2026-02-20 13:40:47] [INFO]    02_methodology.html                          16.5 KB
[2026-02-20 13:40:47] [INFO]    03_01_rare_earth_mining.html                 10.8 KB
[2026-02-20 13:40:47] [INFO]    03_02_nation_state_alliances.html            11.2 KB
[2026-02-20 13:40:47] [INFO]    03_03_cyber_security.html                    11.2 KB
[2026-02-20 13:40:47] [INFO]    03_04_drone_wars.html                        12.1 KB
[2026-02-20 13:40:47] [INFO]    03_05_supply_chain.html                      10.4 KB
[2026-02-20 13:40:47] [INFO]    03_06_biowarfare.html                        12.0 KB
[2026-02-20 13:40:47] [INFO]    03_07_food_security.html                     11.3 KB
[2026-02-20 13:40:47] [INFO]    03_08_trade_wars.html                        10.0 KB
[2026-02-20 13:40:47] [INFO]    03_09_infrastructure.html                    11.2 KB
[2026-02-20 13:40:47] [INFO]    03_10_fake_news.html                         11.5 KB
[2026-02-20 13:40:47] [INFO]    04_discussion.html                           36.5 KB
[2026-02-20 13:40:47] [INFO]    05_conclusion.html                           12.6 KB
[2026-02-20 13:40:47] [INFO]    99_references.html                            3.7 KB
[2026-02-20 13:40:47] [INFO]    S01_notation_reference.html                  14.9 KB
[2026-02-20 13:40:47] [INFO]    S02_real_world_incidents.html                15.6 KB
[2026-02-20 13:40:47] [INFO] 
📊 Presentation Slides (28):
[2026-02-20 13:40:47] [INFO]    00_abstract_slides.pdf                       18.6 KB
[2026-02-20 13:40:47] [INFO]    01_introduction_slides.pdf                   40.3 KB
[2026-02-20 13:40:47] [INFO]    02_01_rare_earth_mining_slides.pdf           24.0 KB
[2026-02-20 13:40:47] [INFO]    02_02_nation_state_alliances_slides.pdf      23.6 KB
[2026-02-20 13:40:47] [INFO]    02_03_cyber_security_slides.pdf              25.8 KB
[2026-02-20 13:40:47] [INFO]    02_04_drone_wars_slides.pdf                  25.1 KB
[2026-02-20 13:40:47] [INFO]    02_05_supply_chain_slides.pdf                24.3 KB
[2026-02-20 13:40:47] [INFO]    02_06_biowarfare_slides.pdf                  26.5 KB
[2026-02-20 13:40:47] [INFO]    02_07_food_security_slides.pdf               21.0 KB
[2026-02-20 13:40:47] [INFO]    02_08_trade_wars_slides.pdf                  22.0 KB
[2026-02-20 13:40:47] [INFO]    02_09_infrastructure_slides.pdf              23.6 KB
[2026-02-20 13:40:47] [INFO]    02_10_fake_news_slides.pdf                   23.7 KB
[2026-02-20 13:40:47] [INFO]    02_methodology_slides.pdf                    37.5 KB
[2026-02-20 13:40:47] [INFO]    03_01_rare_earth_mining_slides.pdf           32.3 KB
[2026-02-20 13:40:47] [INFO]    03_02_nation_state_alliances_slides.pdf      35.4 KB
[2026-02-20 13:40:47] [INFO]    03_03_cyber_security_slides.pdf              34.7 KB
[2026-02-20 13:40:47] [INFO]    03_04_drone_wars_slides.pdf                  36.5 KB
[2026-02-20 13:40:47] [INFO]    03_05_supply_chain_slides.pdf                33.9 KB
[2026-02-20 13:40:47] [INFO]    03_06_biowarfare_slides.pdf                  34.9 KB
[2026-02-20 13:40:47] [INFO]    03_07_food_security_slides.pdf               31.7 KB
[2026-02-20 13:40:47] [INFO]    03_08_trade_wars_slides.pdf                  30.9 KB
[2026-02-20 13:40:47] [INFO]    03_09_infrastructure_slides.pdf              34.1 KB
[2026-02-20 13:40:47] [INFO]    03_10_fake_news_slides.pdf                   33.6 KB
[2026-02-20 13:40:47] [INFO]    04_discussion_slides.pdf                     55.1 KB
[2026-02-20 13:40:47] [INFO]    05_conclusion_slides.pdf                     34.6 KB
[2026-02-20 13:40:47] [INFO]    99_references_slides.pdf                      2.9 KB
[2026-02-20 13:40:47] [INFO]    S01_notation_reference_slides.pdf            33.9 KB
[2026-02-20 13:40:47] [INFO]    S02_real_world_incidents_slides.pdf          41.1 KB
[2026-02-20 13:40:47] [INFO] 
📦 Total Output Size: 486.2 KB (0.47 MB)
[2026-02-20 13:40:47] [INFO] ============================================================

[2026-02-20 13:40:47] [INFO] PDF rendering pipeline completed
[2026-02-20 13:40:47] [INFO] Verifying PDF outputs...
[2026-02-20 13:40:47] [INFO] Generated 1 PDF file(s)
[2026-02-20 13:40:47] [INFO]   📕 cogsec_multiagent_4_applications_combined.pdf (0.28 MB) ✓
[2026-02-20 13:40:47] [INFO] 
✅ Bibliography file found and will be processed
[2026-02-20 13:40:47] [INFO] 
✅ Combined manuscript PDF successfully generated!
[2026-02-20 13:40:47] [INFO]   File size: 0.28 MB
[2026-02-20 13:40:47] [INFO]   Valid PDFs: 1/1
[2026-02-20 13:40:47] [INFO] PDF rendering complete - ready for validation
[2026-02-20 13:40:47] [INFO]   Resource usage (PDF rendering stage end): Memory: 24 MB
